Date,PM2.5,PM10
3/19/2021 12:16,63,42
3/19/2021 12:10,64,42
3/19/2021 12:04,71,48
3/19/2021 11:58,65,44
3/19/2021 11:52,75,51
3/19/2021 11:47,64,43
3/19/2021 11:41,63,41
3/19/2021 11:36,62,41
3/19/2021 11:31,49,33
3/19/2021 11:25,60,39
3/19/2021 11:19,76,53
3/19/2021 11:13,63,43
3/19/2021 11:07,61,40
3/19/2021 11:01,66,44
3/19/2021 10:56,68,44
3/19/2021 10:50,60,40
3/19/2021 10:44,77,52
3/19/2021 10:38,68,44
3/19/2021 10:32,65,43
3/19/2021 10:26,60,40
3/19/2021 10:21,50,33
3/19/2021 10:15,77,51
3/19/2021 10:09,84,56
3/19/2021 10:03,98,65
3/19/2021 9:57,84,57
3/19/2021 9:51,86,58
3/19/2021 9:46,93,62
3/19/2021 9:40,74,49
3/19/2021 9:34,78,51
3/19/2021 9:28,132,91
3/19/2021 9:22,221,156
3/19/2021 9:16,340,235
3/19/2021 9:11,296,204
3/19/2021 9:05,332,226
3/19/2021 8:59,429,290
3/19/2021 8:53,394,269
3/19/2021 8:47,370,255
3/19/2021 8:41,350,242
3/19/2021 8:36,355,241
3/19/2021 8:30,367,252
3/19/2021 8:24,363,250
3/19/2021 8:18,390,267
3/19/2021 8:12,479,327
3/19/2021 8:06,375,258
3/19/2021 8:01,422,285
3/19/2021 7:55,445,299
3/19/2021 7:49,449,299
3/19/2021 7:43,447,299
3/19/2021 7:37,424,287
3/19/2021 7:31,428,286
3/19/2021 7:26,422,282
3/19/2021 7:20,417,281
3/19/2021 7:14,408,272
3/19/2021 7:08,387,259
3/19/2021 7:02,381,254
3/19/2021 6:56,346,235
3/19/2021 6:51,330,223
3/19/2021 6:45,314,212
3/19/2021 6:39,302,206
3/19/2021 6:33,299,200
3/19/2021 6:27,288,193
3/19/2021 6:21,269,182
3/19/2021 6:16,271,183
3/19/2021 6:10,278,186
3/19/2021 6:04,265,178
3/19/2021 5:58,256,173
3/19/2021 5:52,254,169
3/19/2021 5:46,253,169
3/19/2021 5:41,230,158
3/19/2021 5:35,223,151
3/19/2021 5:29,211,144
3/19/2021 5:23,192,130
3/19/2021 5:17,185,126
3/19/2021 5:11,176,121
3/19/2021 5:06,187,127
3/19/2021 5:00,186,125
3/19/2021 4:54,181,123
3/19/2021 4:48,184,125
3/19/2021 4:43,198,135
3/19/2021 4:37,202,138
3/19/2021 4:31,194,133
3/19/2021 4:26,176,120
3/19/2021 4:20,177,122
3/19/2021 4:14,171,118
3/19/2021 4:08,164,111
3/19/2021 4:02,162,112
3/19/2021 3:56,159,107
3/19/2021 3:51,145,99
3/19/2021 3:45,132,92
3/19/2021 3:39,132,90
3/19/2021 3:33,136,92
3/19/2021 3:27,135,91
3/19/2021 3:21,134,91
3/19/2021 3:16,140,95
3/19/2021 3:10,143,97
3/19/2021 3:04,142,96
3/19/2021 2:58,146,98
3/19/2021 2:52,146,98
3/19/2021 2:46,142,93
3/19/2021 2:41,153,103
3/19/2021 2:35,148,102
3/19/2021 2:29,143,96
3/19/2021 2:23,139,94
3/19/2021 2:17,129,89
3/19/2021 2:11,132,90
3/19/2021 2:06,131,89
3/19/2021 2:00,130,88
3/19/2021 1:54,130,89
3/19/2021 1:48,125,84
3/19/2021 1:42,139,95
3/19/2021 1:36,134,89
3/19/2021 1:31,124,85
3/19/2021 1:25,126,84
3/19/2021 1:19,114,77
3/19/2021 1:13,114,77
3/19/2021 1:07,119,82
3/19/2021 1:01,119,81
3/19/2021 0:56,149,99
3/19/2021 0:50,141,95
3/19/2021 0:44,148,100
3/19/2021 0:38,164,111
3/19/2021 0:32,167,115
3/19/2021 0:26,187,129
3/19/2021 0:21,196,135
3/19/2021 0:15,207,140
3/19/2021 0:09,208,141
3/19/2021 0:03,188,129
3/18/2021 23:57,194,130
3/18/2021 23:51,182,122
3/18/2021 23:46,175,119
3/18/2021 23:40,170,115
3/18/2021 23:34,161,109
3/18/2021 23:29,165,112
3/18/2021 23:23,156,106
3/18/2021 23:17,167,113
3/18/2021 23:12,157,105
3/18/2021 23:06,149,102
3/18/2021 23:01,160,108
3/18/2021 22:55,155,106
3/18/2021 22:49,146,100
3/18/2021 22:43,164,111
3/18/2021 22:37,162,110
3/18/2021 22:31,145,98
3/18/2021 22:26,151,102
3/18/2021 22:20,156,105
3/18/2021 22:14,188,129
3/18/2021 22:08,172,119
3/18/2021 22:02,153,102
3/18/2021 21:56,149,100
3/18/2021 21:51,153,103
3/18/2021 21:45,140,94
3/18/2021 21:39,144,98
3/18/2021 21:33,159,107
3/18/2021 21:28,121,81
3/18/2021 21:22,153,102
3/18/2021 21:16,158,107
3/18/2021 21:10,156,105
3/18/2021 21:05,167,114
3/18/2021 20:59,161,108
3/18/2021 20:53,167,111
3/18/2021 20:47,170,114
3/18/2021 20:41,171,115
3/18/2021 20:35,211,145
3/18/2021 20:30,154,102
3/18/2021 20:24,153,102
3/18/2021 20:18,155,102
3/18/2021 20:12,151,100
3/18/2021 20:06,136,89
3/18/2021 20:01,144,95
3/18/2021 19:55,156,105
3/18/2021 19:49,169,113
3/18/2021 19:43,171,114
3/18/2021 19:37,173,118
3/18/2021 19:31,170,116
3/18/2021 19:25,179,118
3/18/2021 19:20,158,107
3/18/2021 19:14,152,101
3/18/2021 19:08,149,98
3/18/2021 19:02,126,84
3/18/2021 18:56,104,70
3/18/2021 18:50,100,66
3/18/2021 18:45,104,68
3/18/2021 18:39,94,63
3/18/2021 18:33,90,59
3/18/2021 18:27,80,53
3/18/2021 18:21,79,51
3/18/2021 18:15,76,49
3/18/2021 18:10,66,44
3/18/2021 18:04,64,42
3/18/2021 17:58,61,40
3/18/2021 17:52,60,40
3/18/2021 17:46,61,40
3/18/2021 17:40,59,40
3/18/2021 17:35,56,38
3/18/2021 17:29,60,40
3/18/2021 17:23,63,39
3/18/2021 17:17,61,40
3/18/2021 17:11,62,40
3/18/2021 17:05,54,36
3/18/2021 17:00,58,36
3/18/2021 16:54,57,36
3/18/2021 16:48,52,34
3/18/2021 16:42,56,36
3/18/2021 16:36,59,36
3/18/2021 16:30,63,38
3/18/2021 16:25,63,40
3/18/2021 16:19,62,38
3/18/2021 16:13,56,36
3/18/2021 16:07,58,37
3/18/2021 16:01,54,35
3/18/2021 15:56,63,40
3/18/2021 15:50,55,35
3/18/2021 15:45,60,37
3/18/2021 15:39,53,35
3/18/2021 15:33,52,34
3/18/2021 15:27,56,35
3/18/2021 15:21,54,34
3/18/2021 15:15,50,33
3/18/2021 15:10,55,35
3/18/2021 15:04,55,35
3/18/2021 14:58,60,37
3/18/2021 14:52,56,35
3/18/2021 14:46,50,34
3/18/2021 14:40,57,35
3/18/2021 14:35,57,35
3/18/2021 14:29,54,35
3/18/2021 14:23,57,35
3/18/2021 14:17,57,35
3/18/2021 14:11,56,35
3/18/2021 14:05,56,36
3/18/2021 14:00,62,40
3/18/2021 13:54,59,38
3/18/2021 13:48,61,40
3/18/2021 13:42,61,38
3/18/2021 13:37,68,44
3/18/2021 13:31,71,45
3/18/2021 13:25,64,41
3/18/2021 13:20,61,40
3/18/2021 13:14,67,42
3/18/2021 13:08,58,39
3/18/2021 13:02,73,46
3/18/2021 12:56,72,48
3/18/2021 12:50,65,42
3/18/2021 12:45,59,37
3/18/2021 12:39,59,38
3/18/2021 12:33,60,38
3/18/2021 12:27,60,39
3/18/2021 12:21,63,39
3/18/2021 12:15,60,39
3/18/2021 12:10,64,40
3/18/2021 12:04,64,40
3/18/2021 11:58,63,41
3/18/2021 11:52,66,42
3/18/2021 11:46,67,42
3/18/2021 11:41,62,39
3/18/2021 11:35,61,37
3/18/2021 11:29,57,36
3/18/2021 11:23,58,36
3/18/2021 11:17,60,38
3/18/2021 11:11,59,37
3/18/2021 11:05,63,40
3/18/2021 11:00,57,36
3/18/2021 10:54,60,38
3/18/2021 10:48,58,35
3/18/2021 10:42,57,35
3/18/2021 10:36,54,34
3/18/2021 10:30,60,36
3/18/2021 10:25,66,40
3/18/2021 10:19,60,39
3/18/2021 10:13,60,39
3/18/2021 10:07,71,46
3/18/2021 10:01,75,49
3/18/2021 9:55,70,45
3/18/2021 9:50,74,49
3/18/2021 9:45,82,53
3/18/2021 9:39,83,53
3/18/2021 9:33,80,54
3/18/2021 9:27,86,57
3/18/2021 9:21,94,62
3/18/2021 9:15,92,62
3/18/2021 9:10,90,62
3/18/2021 9:04,88,59
3/18/2021 8:58,89,61
3/18/2021 8:52,90,62
3/18/2021 8:46,101,67
3/18/2021 8:40,106,72
3/18/2021 8:35,113,76
3/18/2021 8:29,122,84
3/18/2021 8:23,123,84
3/18/2021 8:17,168,116
3/18/2021 8:11,145,98
3/18/2021 8:05,127,86
3/18/2021 8:00,132,89
3/18/2021 7:54,126,86
3/18/2021 7:48,136,92
3/18/2021 7:42,136,93
3/18/2021 7:36,145,96
3/18/2021 7:30,145,98
3/18/2021 7:25,167,112
3/18/2021 7:19,165,108
3/18/2021 7:13,171,113
3/18/2021 7:07,182,119
3/18/2021 7:02,179,120
3/18/2021 6:56,191,126
3/18/2021 6:50,164,108
3/18/2021 6:45,149,98
3/18/2021 6:39,135,89
3/18/2021 6:33,123,83
3/18/2021 6:28,134,89
3/18/2021 6:22,134,92
3/18/2021 6:16,125,84
3/18/2021 6:10,106,71
3/18/2021 6:05,100,67
3/18/2021 5:59,101,68
3/18/2021 5:53,112,75
3/18/2021 5:47,131,88
3/18/2021 5:41,96,64
3/18/2021 5:35,96,63
3/18/2021 5:30,98,64
3/18/2021 5:24,97,65
3/18/2021 5:18,95,63
3/18/2021 5:12,98,65
3/18/2021 5:06,100,66
3/18/2021 5:00,98,66
3/18/2021 4:55,108,71
3/18/2021 4:49,109,73
3/18/2021 4:43,121,80
3/18/2021 4:37,131,87
3/18/2021 4:31,126,84
3/18/2021 4:25,127,85
3/18/2021 4:20,128,87
3/18/2021 4:14,132,89
3/18/2021 4:08,141,94
3/18/2021 4:02,137,92
3/18/2021 3:56,137,93
3/18/2021 3:50,135,92
3/18/2021 3:45,136,92
3/18/2021 3:39,139,94
3/18/2021 3:33,137,93
3/18/2021 3:27,134,92
3/18/2021 3:21,137,91
3/18/2021 3:15,131,88
3/18/2021 3:10,126,86
3/18/2021 3:04,130,87
3/18/2021 2:58,120,83
3/18/2021 2:52,122,83
3/18/2021 2:46,125,86
3/18/2021 2:40,138,94
3/18/2021 2:35,152,105
3/18/2021 2:29,170,117
3/18/2021 2:23,172,120
3/18/2021 2:17,179,125
3/18/2021 2:11,186,131
3/18/2021 2:06,192,135
3/18/2021 2:00,167,117
3/18/2021 1:55,176,125
3/18/2021 1:49,182,129
3/18/2021 1:43,193,135
3/18/2021 1:37,188,133
3/18/2021 1:31,164,116
3/18/2021 1:25,163,114
3/18/2021 1:20,153,107
3/18/2021 1:14,155,107
3/18/2021 1:08,151,103
3/18/2021 1:02,153,107
3/18/2021 0:56,173,118
3/18/2021 0:50,172,119
3/18/2021 0:45,175,122
3/18/2021 0:39,198,136
3/18/2021 0:33,164,112
3/18/2021 0:27,196,133
3/18/2021 0:21,175,120
3/18/2021 0:15,156,107
3/18/2021 0:10,155,108
3/18/2021 0:04,147,102
3/17/2021 23:58,156,107
3/17/2021 23:52,130,89
3/17/2021 23:46,119,84
3/17/2021 23:40,117,80
3/17/2021 23:35,116,81
3/17/2021 23:29,123,84
3/17/2021 23:23,123,84
3/17/2021 23:17,122,83
3/17/2021 23:11,127,89
3/17/2021 23:05,126,85
3/17/2021 23:00,173,115
3/17/2021 22:54,99,67
3/17/2021 22:48,98,66
3/17/2021 22:42,98,66
3/17/2021 22:36,96,66
3/17/2021 22:30,105,71
3/17/2021 22:25,100,69
3/17/2021 22:19,101,69
3/17/2021 22:13,93,63
3/17/2021 22:07,91,63
3/17/2021 22:01,100,67
3/17/2021 21:55,110,75
3/17/2021 21:50,127,87
3/17/2021 21:44,133,93
3/17/2021 21:38,139,94
3/17/2021 21:32,138,93
3/17/2021 21:26,143,97
3/17/2021 21:20,139,98
3/17/2021 21:15,144,98
3/17/2021 21:09,146,100
3/17/2021 21:03,147,101
3/17/2021 20:57,147,101
3/17/2021 20:51,154,106
3/17/2021 20:45,151,103
3/17/2021 20:40,146,100
3/17/2021 20:34,130,90
3/17/2021 20:28,131,90
3/17/2021 20:22,125,86
3/17/2021 20:16,121,84
3/17/2021 20:10,132,89
3/17/2021 20:05,126,86
3/17/2021 19:59,134,91
3/17/2021 19:53,130,89
3/17/2021 19:47,136,93
3/17/2021 19:41,136,90
3/17/2021 19:35,123,85
3/17/2021 19:30,106,74
3/17/2021 19:24,122,84
3/17/2021 19:18,86,59
3/17/2021 19:12,86,58
3/17/2021 19:06,79,53
3/17/2021 19:00,81,53
3/17/2021 18:55,76,52
3/17/2021 18:49,74,50
3/17/2021 18:43,81,54
3/17/2021 18:37,78,53
3/17/2021 18:31,85,57
3/17/2021 18:25,78,53
3/17/2021 18:20,71,47
3/17/2021 18:14,74,50
3/17/2021 18:08,64,42
3/17/2021 18:02,73,50
3/17/2021 17:56,58,40
3/17/2021 17:50,51,34
3/17/2021 17:45,59,38
3/17/2021 17:39,58,38
3/17/2021 17:33,64,42
3/17/2021 17:27,80,51
3/17/2021 17:21,62,40
3/17/2021 17:15,61,40
3/17/2021 17:10,67,45
3/17/2021 17:04,104,71
3/17/2021 16:58,62,40
3/17/2021 16:52,52,34
3/17/2021 16:46,49,32
3/17/2021 16:40,58,37
3/17/2021 16:35,54,37
3/17/2021 16:30,60,40
3/17/2021 16:24,60,41
3/17/2021 16:18,62,42
3/17/2021 16:12,66,44
3/17/2021 16:06,69,46
3/17/2021 16:00,70,47
3/17/2021 15:55,65,44
3/17/2021 15:49,62,41
3/17/2021 15:43,66,44
3/17/2021 15:37,59,40
3/17/2021 15:31,63,42
3/17/2021 15:25,64,44
3/17/2021 15:20,58,40
3/17/2021 15:14,60,40
3/17/2021 15:08,58,40
3/17/2021 15:02,62,42
3/17/2021 14:56,60,40
3/17/2021 14:50,56,37
3/17/2021 14:45,61,39
3/17/2021 14:39,56,37
3/17/2021 14:33,56,37
3/17/2021 14:27,55,36
3/17/2021 14:21,52,35
3/17/2021 14:15,53,35
3/17/2021 14:10,84,34
3/17/2021 14:04,50,33
3/17/2021 13:58,45,31
3/17/2021 13:52,52,33
3/17/2021 13:46,52,34
3/17/2021 13:40,54,35
3/17/2021 13:35,52,34
3/17/2021 13:29,50,33
3/17/2021 13:23,53,35
3/17/2021 13:17,58,38
3/17/2021 13:11,56,37
3/17/2021 13:05,55,35
3/17/2021 13:00,55,36
3/17/2021 12:54,53,34
3/17/2021 12:48,54,35
3/17/2021 12:43,55,35
3/17/2021 12:37,52,35
3/17/2021 12:31,57,36
3/17/2021 12:25,57,35
3/17/2021 12:20,52,34
3/17/2021 12:14,53,34
3/17/2021 12:08,51,32
3/17/2021 12:02,52,33
3/17/2021 11:56,58,37
3/17/2021 11:50,56,36
3/17/2021 11:45,67,42
3/17/2021 11:39,60,40
3/17/2021 11:33,64,42
3/17/2021 11:27,58,37
3/17/2021 11:21,64,40
3/17/2021 11:15,58,38
3/17/2021 11:10,59,39
3/17/2021 11:04,58,37
3/17/2021 10:58,59,38
3/17/2021 10:52,61,40
3/17/2021 10:46,64,42
3/17/2021 10:40,68,44
3/17/2021 10:35,67,44
3/17/2021 10:29,84,56
3/17/2021 10:23,76,52
3/17/2021 10:17,93,62
3/17/2021 10:11,99,67
3/17/2021 10:05,147,98
3/17/2021 10:00,117,80
3/17/2021 9:54,114,77
3/17/2021 9:48,113,76
3/17/2021 9:42,137,93
3/17/2021 9:36,166,116
3/17/2021 9:30,153,106
3/17/2021 9:25,193,136
3/17/2021 9:19,149,102
3/17/2021 9:13,167,114
3/17/2021 9:07,177,120
3/17/2021 9:01,222,151
3/17/2021 8:55,230,156
3/17/2021 8:50,251,169
3/17/2021 8:44,168,116
3/17/2021 8:38,211,144
3/17/2021 8:32,237,157
3/17/2021 8:26,162,110
3/17/2021 8:20,272,193
3/17/2021 8:15,211,147
3/17/2021 8:09,675,445
3/17/2021 8:03,248,174
3/17/2021 7:57,1000,742
3/17/2021 7:51,271,183
3/17/2021 7:45,195,135
3/17/2021 7:40,196,137
3/17/2021 7:34,221,154
3/17/2021 7:28,244,169
3/17/2021 7:22,259,181
3/17/2021 7:16,231,162
3/17/2021 7:10,249,171
3/17/2021 7:05,235,164
3/17/2021 7:00,282,192
3/17/2021 6:54,231,160
3/17/2021 6:48,194,133
3/17/2021 6:42,188,129
3/17/2021 6:36,200,138
3/17/2021 6:30,189,130
3/17/2021 6:25,201,138
3/17/2021 6:19,206,142
3/17/2021 6:13,219,147
3/17/2021 6:08,189,129
3/17/2021 6:02,191,131
3/17/2021 5:56,186,128
3/17/2021 5:50,175,120
3/17/2021 5:45,183,125
3/17/2021 5:39,174,119
3/17/2021 5:33,170,116
3/17/2021 5:27,169,115
3/17/2021 5:21,166,113
3/17/2021 5:16,171,116
3/17/2021 5:10,183,124
3/17/2021 5:05,181,125
3/17/2021 4:59,171,116
3/17/2021 4:53,170,115
3/17/2021 4:47,162,110
3/17/2021 4:41,163,111
3/17/2021 4:36,185,120
3/17/2021 4:30,183,120
3/17/2021 4:25,185,122
3/17/2021 4:19,180,120
3/17/2021 4:13,175,116
3/17/2021 4:07,166,111
3/17/2021 4:01,167,111
3/17/2021 3:55,171,114
3/17/2021 3:50,168,113
3/17/2021 3:44,174,115
3/17/2021 3:38,174,116
3/17/2021 3:32,168,111
3/17/2021 3:26,167,112
3/17/2021 3:20,162,108
3/17/2021 3:15,152,102
3/17/2021 3:09,171,116
3/17/2021 3:03,176,119
3/17/2021 2:57,179,120
3/17/2021 2:51,185,127
3/17/2021 2:45,187,130
3/17/2021 2:40,182,125
3/17/2021 2:35,175,120
3/17/2021 2:30,210,144
3/17/2021 2:24,222,151
3/17/2021 2:18,230,157
3/17/2021 2:12,244,167
3/17/2021 2:06,263,176
3/17/2021 2:00,222,151
3/17/2021 1:55,276,185
3/17/2021 1:49,329,217
3/17/2021 1:43,314,211
3/17/2021 1:37,360,237
3/17/2021 1:31,322,212
3/17/2021 1:25,290,195
3/17/2021 1:20,281,191
3/17/2021 1:14,287,194
3/17/2021 1:08,296,205
3/17/2021 1:02,283,191
3/17/2021 0:56,306,209
3/17/2021 0:50,330,223
3/17/2021 0:45,382,256
3/17/2021 0:39,228,156
3/17/2021 0:33,232,158
3/17/2021 0:27,245,166
3/17/2021 0:21,256,170
3/17/2021 0:15,204,137
3/17/2021 0:10,190,129
3/17/2021 0:04,180,121
3/16/2021 23:58,158,110
3/16/2021 23:52,157,108
3/16/2021 23:46,159,110
3/16/2021 23:40,206,147
3/16/2021 23:35,156,109
3/16/2021 23:30,127,89
3/16/2021 23:24,117,82
3/16/2021 23:18,106,75
3/16/2021 23:12,84,56
3/16/2021 23:06,72,49
3/16/2021 23:00,68,45
3/16/2021 22:55,68,46
3/16/2021 22:49,74,49
3/16/2021 22:43,77,52
3/16/2021 22:37,65,44
3/16/2021 22:31,68,45
3/16/2021 22:25,70,48
3/16/2021 22:20,92,64
3/16/2021 22:14,75,51
3/16/2021 22:08,70,48
3/16/2021 22:02,74,51
3/16/2021 21:56,79,54
3/16/2021 21:50,82,57
3/16/2021 21:45,88,61
3/16/2021 21:40,104,71
3/16/2021 21:34,119,83
3/16/2021 21:28,136,93
3/16/2021 21:22,133,91
3/16/2021 21:16,154,107
3/16/2021 21:10,152,107
3/16/2021 21:05,133,92
3/16/2021 20:59,123,84
3/16/2021 20:53,113,80
3/16/2021 20:47,109,75
3/16/2021 20:41,100,69
3/16/2021 20:35,107,74
3/16/2021 20:30,91,65
3/16/2021 20:24,111,76
3/16/2021 20:18,79,56
3/16/2021 20:12,83,58
3/16/2021 20:06,81,58
3/16/2021 20:00,93,64
3/16/2021 19:55,84,59
3/16/2021 19:49,103,71
3/16/2021 19:43,102,71
3/16/2021 19:37,111,77
3/16/2021 19:31,115,80
3/16/2021 19:25,86,60
3/16/2021 19:20,77,55
3/16/2021 19:14,90,62
3/16/2021 19:08,83,58
3/16/2021 19:02,69,49
3/16/2021 18:57,63,44
3/16/2021 18:51,85,61
3/16/2021 18:45,169,118
3/16/2021 18:40,117,82
3/16/2021 18:34,903,611
3/16/2021 18:29,948,617
3/16/2021 18:23,168,117
3/16/2021 18:17,280,198
3/16/2021 18:12,123,87
3/16/2021 18:06,72,50
3/16/2021 18:01,78,55
3/16/2021 17:55,60,42
3/16/2021 17:50,54,39
3/16/2021 17:44,54,38
3/16/2021 17:38,54,38
3/16/2021 17:32,50,35
3/16/2021 17:26,49,35
3/16/2021 17:20,49,34
3/16/2021 17:15,50,35
3/16/2021 17:09,47,33
3/16/2021 17:03,47,33
3/16/2021 16:57,50,35
3/16/2021 16:51,45,32
3/16/2021 16:45,47,32
3/16/2021 16:40,48,34
3/16/2021 16:34,47,33
3/16/2021 16:28,49,34
3/16/2021 16:22,48,34
3/16/2021 16:16,50,35
3/16/2021 16:10,51,36
3/16/2021 16:05,50,35
3/16/2021 15:59,49,35
3/16/2021 15:53,50,35
3/16/2021 15:47,50,35
3/16/2021 15:41,48,35
3/16/2021 15:35,53,37
3/16/2021 15:30,53,38
3/16/2021 15:24,51,35
3/16/2021 15:18,48,34
3/16/2021 15:12,57,40
3/16/2021 15:06,57,40
3/16/2021 15:00,49,35
3/16/2021 14:55,51,36
3/16/2021 14:49,55,38
3/16/2021 14:43,57,40
3/16/2021 14:37,59,41
3/16/2021 14:31,61,43
3/16/2021 14:25,58,40
3/16/2021 14:20,57,40
3/16/2021 14:14,69,49
3/16/2021 14:09,66,48
3/16/2021 14:03,68,49
3/16/2021 13:57,73,52
3/16/2021 13:51,87,62
3/16/2021 13:45,70,50
3/16/2021 13:40,79,56
3/16/2021 13:34,78,56
3/16/2021 13:28,74,53
3/16/2021 13:22,76,53
3/16/2021 13:16,72,51
3/16/2021 13:10,71,51
3/16/2021 13:05,76,54
3/16/2021 12:59,80,57
3/16/2021 12:53,80,57
3/16/2021 12:47,80,58
3/16/2021 12:41,85,60
3/16/2021 12:35,91,66
3/16/2021 12:30,99,71
3/16/2021 12:24,103,74
3/16/2021 12:18,113,81
3/16/2021 12:12,114,82
3/16/2021 12:06,107,77
3/16/2021 12:00,113,81
3/16/2021 11:55,112,80
3/16/2021 11:49,112,80
3/16/2021 11:43,99,71
3/16/2021 11:37,82,59
3/16/2021 11:31,99,71
3/16/2021 11:25,79,57
3/16/2021 11:20,72,52
3/16/2021 11:15,68,49
3/16/2021 11:09,68,49
3/16/2021 11:03,65,47
3/16/2021 10:57,56,40
3/16/2021 10:51,61,44
3/16/2021 10:45,61,44
3/16/2021 10:40,66,48
3/16/2021 10:35,64,46
3/16/2021 10:29,64,46
3/16/2021 10:23,64,46
3/16/2021 10:17,63,45
3/16/2021 10:11,60,43
3/16/2021 10:05,60,43
3/16/2021 10:00,72,52
3/16/2021 9:54,63,45
3/16/2021 9:48,63,45
3/16/2021 9:42,65,47
3/16/2021 9:36,75,54
3/16/2021 9:30,79,57
3/16/2021 9:25,79,57
3/16/2021 9:19,80,58
3/16/2021 9:13,79,57
3/16/2021 9:07,96,69
3/16/2021 9:01,96,69
3/16/2021 8:55,125,90
3/16/2021 8:50,100,72
3/16/2021 8:45,106,76
3/16/2021 8:39,150,108
3/16/2021 8:33,218,157
3/16/2021 8:28,200,144
3/16/2021 8:22,331,237
3/16/2021 8:16,260,187
3/16/2021 8:10,285,204
3/16/2021 8:05,307,218
3/16/2021 7:59,347,245
3/16/2021 7:53,360,256
3/16/2021 7:47,367,260
3/16/2021 7:41,265,186
3/16/2021 7:35,218,154
3/16/2021 7:30,222,155
3/16/2021 7:24,234,164
3/16/2021 7:18,246,173
3/16/2021 7:12,265,186
3/16/2021 7:06,261,182
3/16/2021 7:00,251,175
3/16/2021 6:55,252,174
3/16/2021 6:49,250,171
3/16/2021 6:43,238,165
3/16/2021 6:37,229,160
3/16/2021 6:31,212,148
3/16/2021 6:25,200,140
3/16/2021 6:20,188,130
3/16/2021 6:14,164,115
3/16/2021 6:08,161,116
3/16/2021 6:02,164,116
3/16/2021 5:56,171,121
3/16/2021 5:50,179,129
3/16/2021 5:45,181,129
3/16/2021 5:39,175,124
3/16/2021 5:33,168,120
3/16/2021 5:27,167,119
3/16/2021 5:21,153,110
3/16/2021 5:15,143,102
3/16/2021 5:10,138,99
3/16/2021 5:04,139,99
3/16/2021 4:59,132,95
3/16/2021 4:53,127,90
3/16/2021 4:47,123,88
3/16/2021 4:41,123,86
3/16/2021 4:35,120,84
3/16/2021 4:30,127,88
3/16/2021 4:24,130,89
3/16/2021 4:18,136,93
3/16/2021 4:12,117,83
3/16/2021 4:06,115,80
3/16/2021 4:00,126,89
3/16/2021 3:55,128,90
3/16/2021 3:49,126,89
3/16/2021 3:43,122,86
3/16/2021 3:37,122,87
3/16/2021 3:31,129,92
3/16/2021 3:25,135,93
3/16/2021 3:20,129,92
3/16/2021 3:14,140,101
3/16/2021 3:08,147,106
3/16/2021 3:02,127,91
3/16/2021 2:57,125,90
3/16/2021 2:52,120,86
3/16/2021 2:46,100,72
3/16/2021 2:41,107,76
3/16/2021 2:35,106,76
3/16/2021 2:30,106,76
3/16/2021 2:24,113,81
3/16/2021 2:18,118,84
3/16/2021 2:12,123,89
3/16/2021 2:06,128,92
3/16/2021 2:00,141,101
3/16/2021 1:55,135,96
3/16/2021 1:49,111,80
3/16/2021 1:43,97,70
3/16/2021 1:37,94,67
3/16/2021 1:31,96,69
3/16/2021 1:25,95,68
3/16/2021 1:20,94,67
3/16/2021 1:14,101,72
3/16/2021 1:08,106,76
3/16/2021 1:02,119,85
3/16/2021 0:56,119,85
3/16/2021 0:50,117,84
3/16/2021 0:45,115,82
3/16/2021 0:39,124,88
3/16/2021 0:33,119,85
3/16/2021 0:27,120,85
3/16/2021 0:21,119,85
3/16/2021 0:15,121,87
3/16/2021 0:10,125,90
3/16/2021 0:04,129,93
3/15/2021 23:58,142,102
3/15/2021 23:52,142,102
3/15/2021 23:46,146,105
3/15/2021 23:40,150,107
3/15/2021 23:35,145,103
3/15/2021 23:29,151,106
3/15/2021 23:23,149,105
3/15/2021 23:17,157,110
3/15/2021 23:11,154,110
3/15/2021 23:05,158,112
3/15/2021 23:00,159,113
3/15/2021 22:54,159,114
3/15/2021 22:48,166,120
3/15/2021 22:42,168,121
3/15/2021 22:36,184,130
3/15/2021 22:30,173,124
3/15/2021 22:25,153,109
3/15/2021 22:19,137,98
3/15/2021 22:13,132,93
3/15/2021 22:07,125,90
3/15/2021 22:01,139,100
3/15/2021 21:55,151,107
3/15/2021 21:50,182,125
3/15/2021 21:44,185,129
3/15/2021 21:38,162,112
3/15/2021 21:32,183,127
3/15/2021 21:26,292,207
3/15/2021 21:20,202,140
3/15/2021 21:15,206,146
3/15/2021 21:09,199,141
3/15/2021 21:03,216,151
3/15/2021 20:57,208,144
3/15/2021 20:51,194,137
3/15/2021 20:45,180,127
3/15/2021 20:40,167,117
3/15/2021 20:34,151,106
3/15/2021 20:28,149,105
3/15/2021 20:22,140,101
3/15/2021 20:16,130,93
3/15/2021 20:10,144,102
3/15/2021 20:05,118,84
3/15/2021 19:59,127,90
3/15/2021 19:53,145,103
3/15/2021 19:47,134,96
3/15/2021 19:41,150,107
3/15/2021 19:35,171,122
3/15/2021 19:30,161,115
3/15/2021 19:24,195,140
3/15/2021 19:18,205,145
3/15/2021 19:12,510,357
3/15/2021 19:06,168,121
3/15/2021 19:00,138,99
3/15/2021 18:55,141,102
3/15/2021 18:49,91,66
3/15/2021 18:43,90,65
3/15/2021 18:37,207,149
3/15/2021 18:31,173,125
3/15/2021 18:25,117,84
3/15/2021 18:20,79,57
3/15/2021 18:14,66,48
3/15/2021 18:08,74,53
3/15/2021 18:02,71,49
3/15/2021 17:56,83,58
3/15/2021 17:50,55,40
3/15/2021 17:45,58,42
3/15/2021 17:39,51,36
3/15/2021 17:33,49,35
3/15/2021 17:27,48,35
3/15/2021 17:21,49,35
3/15/2021 17:15,46,33
3/15/2021 17:10,45,32
3/15/2021 17:04,45,32
3/15/2021 16:58,46,33
3/15/2021 16:52,46,33
3/15/2021 16:46,40,29
3/15/2021 16:40,40,29
3/15/2021 16:35,39,28
3/15/2021 16:30,40,29
3/15/2021 16:24,40,29
3/15/2021 16:19,39,28
3/15/2021 16:13,38,27
3/15/2021 16:07,39,28
3/15/2021 16:01,40,29
3/15/2021 15:55,40,29
3/15/2021 15:49,45,32
3/15/2021 15:44,38,27
3/15/2021 15:38,36,26
3/15/2021 15:32,37,26
3/15/2021 15:26,36,26
3/15/2021 15:20,37,26
3/15/2021 15:14,37,26
3/15/2021 15:09,38,27
3/15/2021 15:03,37,26
3/15/2021 14:57,37,26
3/15/2021 14:51,40,29
3/15/2021 14:45,44,31
3/15/2021 14:39,45,32
3/15/2021 14:34,46,33
3/15/2021 14:28,46,33
3/15/2021 14:22,43,31
3/15/2021 14:17,45,32
3/15/2021 14:11,43,31
3/15/2021 14:05,45,32
3/15/2021 13:59,46,33
3/15/2021 13:54,46,33
3/15/2021 13:48,45,32
3/15/2021 13:42,46,33
3/15/2021 13:36,48,35
3/15/2021 13:30,43,31
3/15/2021 13:24,45,32
3/15/2021 13:19,45,32
3/15/2021 13:13,47,34
3/15/2021 13:07,49,35
3/15/2021 13:01,49,35
3/15/2021 12:55,46,33
3/15/2021 12:50,49,35
3/15/2021 12:44,60,43
3/15/2021 12:38,54,39
3/15/2021 12:32,82,59
3/15/2021 12:26,79,57
3/15/2021 12:20,63,45
3/15/2021 12:14,87,62
3/15/2021 12:09,83,60
3/15/2021 12:03,79,57
3/15/2021 11:57,86,62
3/15/2021 11:51,155,111
3/15/2021 11:45,80,58
3/15/2021 11:39,81,58
3/15/2021 11:34,81,58
3/15/2021 11:28,87,62
3/15/2021 11:22,89,64
3/15/2021 11:16,86,62
3/15/2021 11:10,78,56
3/15/2021 11:04,85,61
3/15/2021 10:59,86,62
3/15/2021 10:53,87,62
3/15/2021 10:47,95,68
3/15/2021 10:41,60,43
3/15/2021 10:35,62,44
3/15/2021 10:29,61,44
3/15/2021 10:24,58,42
3/15/2021 10:18,56,40
3/15/2021 10:12,69,49
3/15/2021 10:06,70,50
3/15/2021 10:00,77,55
3/15/2021 9:54,71,51
3/15/2021 9:49,85,61
3/15/2021 9:43,88,63
3/15/2021 9:37,95,68
3/15/2021 9:31,106,76
3/15/2021 9:25,102,73
3/15/2021 9:19,96,69
3/15/2021 9:14,128,92
3/15/2021 9:09,144,103
3/15/2021 9:03,112,80
3/15/2021 8:57,147,106
3/15/2021 8:52,173,125
3/15/2021 8:46,216,156
3/15/2021 8:40,242,174
3/15/2021 8:34,289,208
3/15/2021 8:29,313,225
3/15/2021 8:23,357,257
3/15/2021 8:17,396,281
3/15/2021 8:12,441,316
3/15/2021 8:06,474,340
3/15/2021 8:00,482,343
3/15/2021 7:54,494,352
3/15/2021 7:49,538,379
3/15/2021 7:43,565,401
3/15/2021 7:37,571,408
3/15/2021 7:31,591,413
3/15/2021 7:25,518,367
3/15/2021 7:19,665,467
3/15/2021 7:14,669,474
3/15/2021 7:08,678,475
3/15/2021 7:02,571,399
3/15/2021 6:56,481,343
3/15/2021 6:50,462,328
3/15/2021 6:44,509,356
3/15/2021 6:39,529,372
3/15/2021 6:34,478,331
3/15/2021 6:28,645,451
3/15/2021 6:22,470,332
3/15/2021 6:16,483,343
3/15/2021 6:10,440,314
3/15/2021 6:04,332,238
3/15/2021 5:59,285,204
3/15/2021 5:53,267,191
3/15/2021 5:47,302,214
3/15/2021 5:41,307,217
3/15/2021 5:35,311,220
3/15/2021 5:29,314,224
3/15/2021 5:24,315,224
3/15/2021 5:18,313,222
3/15/2021 5:12,313,223
3/15/2021 5:06,312,223
3/15/2021 5:00,312,223
3/15/2021 4:54,290,205
3/15/2021 4:49,265,188
3/15/2021 4:43,256,183
3/15/2021 4:37,252,180
3/15/2021 4:31,266,187
3/15/2021 4:25,311,218
3/15/2021 4:19,339,234
3/15/2021 4:14,334,230
3/15/2021 4:08,343,241
3/15/2021 4:02,323,227
3/15/2021 3:56,378,261
3/15/2021 3:50,435,304
3/15/2021 3:44,420,293
3/15/2021 3:39,402,278
3/15/2021 3:33,341,238
3/15/2021 3:27,277,195
3/15/2021 3:21,291,204
3/15/2021 3:15,250,178
3/15/2021 3:09,193,138
3/15/2021 3:04,200,142
3/15/2021 2:58,171,122
3/15/2021 2:52,140,101
3/15/2021 2:46,142,102
3/15/2021 2:40,154,111
3/15/2021 2:34,140,101
3/15/2021 2:29,136,98
3/15/2021 2:23,144,103
3/15/2021 2:17,147,106
3/15/2021 2:11,146,105
3/15/2021 2:05,148,107
3/15/2021 1:59,145,104
3/15/2021 1:54,142,102
3/15/2021 1:48,142,102
3/15/2021 1:42,166,120
3/15/2021 1:36,155,111
3/15/2021 1:30,166,120
3/15/2021 1:24,170,122
3/15/2021 1:19,192,137
3/15/2021 1:13,194,138
3/15/2021 1:08,195,139
3/15/2021 1:02,212,151
3/15/2021 0:56,220,156
3/15/2021 0:50,226,160
3/15/2021 0:45,248,174
3/15/2021 0:39,254,178
3/15/2021 0:34,219,156
3/15/2021 0:29,214,154
3/15/2021 0:23,215,155
3/15/2021 0:17,216,155
3/15/2021 0:11,210,151
3/15/2021 0:05,207,149
3/14/2021 23:59,192,138
3/14/2021 23:54,189,136
3/14/2021 23:48,190,137
3/14/2021 23:42,183,132
3/14/2021 23:36,181,130
3/14/2021 23:30,179,129
3/14/2021 23:24,176,127
3/14/2021 23:19,176,127
3/14/2021 23:13,179,129
3/14/2021 23:07,182,131
3/14/2021 23:01,199,143
3/14/2021 22:55,234,168
3/14/2021 22:49,219,158
3/14/2021 22:44,215,155
3/14/2021 22:38,221,159
3/14/2021 22:33,237,170
3/14/2021 22:27,183,132
3/14/2021 22:21,170,122
3/14/2021 22:15,175,126
3/14/2021 22:09,163,117
3/14/2021 22:04,137,98
3/14/2021 21:58,134,97
3/14/2021 21:52,133,95
3/14/2021 21:46,127,91
3/14/2021 21:40,136,98
3/14/2021 21:34,138,99
3/14/2021 21:29,133,96
3/14/2021 21:23,120,86
3/14/2021 21:17,125,90
3/14/2021 21:11,138,99
3/14/2021 21:05,146,105
3/14/2021 20:59,159,115
3/14/2021 20:54,175,126
3/14/2021 20:48,192,138
3/14/2021 20:42,197,142
3/14/2021 20:36,198,142
3/14/2021 20:30,200,144
3/14/2021 20:24,196,141
3/14/2021 20:19,184,133
3/14/2021 20:13,164,118
3/14/2021 20:07,137,98
3/14/2021 20:01,134,97
3/14/2021 19:55,150,108
3/14/2021 19:49,150,108
3/14/2021 19:44,163,117
3/14/2021 19:38,154,111
3/14/2021 19:32,170,122
3/14/2021 19:26,166,120
3/14/2021 19:20,145,104
3/14/2021 19:14,153,110
3/14/2021 19:09,153,110
3/14/2021 19:03,146,105
3/14/2021 18:57,146,105
3/14/2021 18:51,139,100
3/14/2021 18:45,122,88
3/14/2021 18:39,115,83
3/14/2021 18:34,99,71
3/14/2021 18:28,97,70
3/14/2021 18:22,92,66
3/14/2021 18:16,92,66
3/14/2021 18:10,94,67
3/14/2021 18:04,89,64
3/14/2021 17:59,89,64
3/14/2021 17:53,90,65
3/14/2021 17:47,90,65
3/14/2021 17:41,97,70
3/14/2021 17:35,101,71
3/14/2021 17:29,91,66
3/14/2021 17:24,87,62
3/14/2021 17:18,86,62
3/14/2021 17:12,77,55
3/14/2021 17:06,94,67
3/14/2021 17:00,74,53
3/14/2021 16:54,78,56
3/14/2021 16:49,74,53
3/14/2021 16:43,77,55
3/14/2021 16:37,81,58
3/14/2021 16:31,87,62
3/14/2021 16:25,81,58
3/14/2021 16:19,79,57
3/14/2021 16:14,85,61
3/14/2021 16:08,86,62
3/14/2021 16:02,99,71
3/14/2021 15:56,92,66
3/14/2021 15:50,89,64
3/14/2021 15:44,85,61
3/14/2021 15:39,98,71
3/14/2021 15:33,94,67
3/14/2021 15:27,91,66
3/14/2021 15:22,90,65
3/14/2021 15:16,94,67
3/14/2021 15:11,92,66
3/14/2021 15:05,92,66
3/14/2021 14:59,88,63
3/14/2021 14:54,75,54
3/14/2021 14:49,82,59
3/14/2021 14:43,85,61
3/14/2021 14:38,82,59
3/14/2021 14:32,82,59
3/14/2021 14:26,81,58
3/14/2021 14:20,79,57
3/14/2021 14:14,69,49
3/14/2021 14:09,69,49
3/14/2021 14:03,69,49
3/14/2021 13:57,69,49
3/14/2021 13:51,78,56
3/14/2021 13:45,72,52
3/14/2021 13:40,69,49
3/14/2021 13:34,66,48
3/14/2021 13:29,64,46
3/14/2021 13:23,62,44
3/14/2021 13:17,62,44
3/14/2021 13:11,63,45
3/14/2021 13:05,63,45
3/14/2021 13:00,61,44
3/14/2021 12:54,74,53
3/14/2021 12:49,74,53
3/14/2021 12:43,70,50
3/14/2021 12:37,78,56
3/14/2021 12:31,78,56
3/14/2021 12:25,100,72
3/14/2021 12:19,104,75
3/14/2021 12:14,127,91
3/14/2021 12:08,123,89
3/14/2021 12:02,121,87
3/14/2021 11:56,124,89
3/14/2021 11:50,124,89
3/14/2021 11:44,113,81
3/14/2021 11:39,115,83
3/14/2021 11:33,125,90
3/14/2021 11:27,128,92
3/14/2021 11:21,137,98
3/14/2021 11:15,167,119
3/14/2021 11:09,182,131
3/14/2021 11:04,167,119
3/14/2021 10:58,198,142
3/14/2021 10:52,230,163
3/14/2021 10:46,225,161
3/14/2021 10:40,201,144
3/14/2021 10:34,162,116
3/14/2021 10:29,193,139
3/14/2021 10:23,210,151
3/14/2021 10:17,266,191
3/14/2021 10:11,258,186
3/14/2021 10:05,248,178
3/14/2021 9:59,238,171
3/14/2021 9:54,230,165
3/14/2021 9:48,208,150
3/14/2021 9:42,208,150
3/14/2021 9:36,190,137
3/14/2021 9:30,190,137
3/14/2021 9:24,188,135
3/14/2021 9:19,181,130
3/14/2021 9:13,235,169
3/14/2021 9:07,243,175
3/14/2021 9:01,214,154
3/14/2021 8:55,217,156
3/14/2021 8:49,224,161
3/14/2021 8:44,239,172
3/14/2021 8:38,206,148
3/14/2021 8:32,205,147
3/14/2021 8:27,202,146
3/14/2021 8:22,205,147
3/14/2021 8:16,213,153
3/14/2021 8:10,230,164
3/14/2021 8:04,242,170
3/14/2021 7:59,443,315
3/14/2021 7:53,275,191
3/14/2021 7:47,235,165
3/14/2021 7:41,219,156
3/14/2021 7:35,224,161
3/14/2021 7:29,257,183
3/14/2021 7:24,261,187
3/14/2021 7:18,258,183
3/14/2021 7:12,222,159
3/14/2021 7:06,240,170
3/14/2021 7:00,247,177
3/14/2021 6:54,246,176
3/14/2021 6:49,227,163
3/14/2021 6:43,246,176
3/14/2021 6:37,254,178
3/14/2021 6:31,270,193
3/14/2021 6:25,241,169
3/14/2021 6:19,250,174
3/14/2021 6:14,252,176
3/14/2021 6:08,251,175
3/14/2021 6:02,243,172
3/14/2021 5:57,245,172
3/14/2021 5:51,237,168
3/14/2021 5:45,232,163
3/14/2021 5:39,234,165
3/14/2021 5:34,248,172
3/14/2021 5:28,253,177
3/14/2021 5:22,250,175
3/14/2021 5:16,248,174
3/14/2021 5:10,255,178
3/14/2021 5:04,251,174
3/14/2021 4:59,266,185
3/14/2021 4:53,250,175
3/14/2021 4:47,253,177
3/14/2021 4:41,249,176
3/14/2021 4:35,274,188
3/14/2021 4:29,235,166
3/14/2021 4:24,233,163
3/14/2021 4:18,223,158
3/14/2021 4:12,224,158
3/14/2021 4:06,225,162
3/14/2021 4:00,222,159
3/14/2021 3:54,201,144
3/14/2021 3:49,213,152
3/14/2021 3:43,225,160
3/14/2021 3:37,217,155
3/14/2021 3:31,220,156
3/14/2021 3:25,204,147
3/14/2021 3:19,228,164
3/14/2021 3:14,266,187
3/14/2021 3:08,277,199
3/14/2021 3:02,237,170
3/14/2021 2:56,300,214
3/14/2021 2:50,322,231
3/14/2021 2:44,303,212
3/14/2021 2:39,286,199
3/14/2021 2:33,273,193
3/14/2021 2:27,249,178
3/14/2021 2:21,249,179
3/14/2021 2:15,246,176
3/14/2021 2:09,247,178
3/14/2021 2:04,239,172
3/14/2021 1:58,243,175
3/14/2021 1:52,229,165
3/14/2021 1:46,224,160
3/14/2021 1:40,225,162
3/14/2021 1:34,182,131
3/14/2021 1:29,171,123
3/14/2021 1:24,163,117
3/14/2021 1:18,159,115
3/14/2021 1:12,158,114
3/14/2021 1:06,225,162
3/14/2021 1:00,164,118
3/14/2021 0:54,165,119
3/14/2021 0:49,149,107
3/14/2021 0:43,154,111
3/14/2021 0:37,149,107
3/14/2021 0:31,146,105
3/14/2021 0:25,147,106
3/14/2021 0:19,151,109
3/14/2021 0:14,154,111
3/14/2021 0:08,155,111
3/14/2021 0:02,159,115
3/13/2021 23:56,156,112
3/13/2021 23:50,156,112
3/13/2021 23:44,158,114
3/13/2021 23:39,166,120
3/13/2021 23:33,164,118
3/13/2021 23:27,163,117
3/13/2021 23:21,159,115
3/13/2021 23:15,162,116
3/13/2021 23:09,162,116
3/13/2021 23:04,157,113
3/13/2021 22:58,163,117
3/13/2021 22:52,163,117
3/13/2021 22:46,161,116
3/13/2021 22:40,156,112
3/13/2021 22:35,149,107
3/13/2021 22:29,153,110
3/13/2021 22:24,149,107
3/13/2021 22:18,148,107
3/13/2021 22:12,151,109
3/13/2021 22:07,149,107
3/13/2021 22:01,151,109
3/13/2021 21:55,155,111
3/13/2021 21:49,154,111
3/13/2021 21:44,150,108
3/13/2021 21:38,151,109
3/13/2021 21:32,156,112
3/13/2021 21:26,163,117
3/13/2021 21:20,167,120
3/13/2021 21:14,167,120
3/13/2021 21:09,173,125
3/13/2021 21:03,175,126
3/13/2021 20:57,171,123
3/13/2021 20:51,173,125
3/13/2021 20:45,176,127
3/13/2021 20:39,176,127
3/13/2021 20:34,176,127
3/13/2021 20:28,187,134
3/13/2021 20:22,191,138
3/13/2021 20:16,188,135
3/13/2021 20:10,192,138
3/13/2021 20:04,198,142
3/13/2021 19:59,201,145
3/13/2021 19:53,189,136
3/13/2021 19:47,181,130
3/13/2021 19:41,181,130
3/13/2021 19:35,180,129
3/13/2021 19:29,182,131
3/13/2021 19:24,187,134
3/13/2021 19:18,171,123
3/13/2021 19:12,171,123
3/13/2021 19:06,168,121
3/13/2021 19:00,166,120
3/13/2021 18:54,167,120
3/13/2021 18:49,148,107
3/13/2021 18:43,149,107
3/13/2021 18:37,145,104
3/13/2021 18:31,144,103
3/13/2021 18:25,142,102
3/13/2021 18:19,154,111
3/13/2021 18:14,141,102
3/13/2021 18:08,132,95
3/13/2021 18:02,140,101
3/13/2021 17:56,128,92
3/13/2021 17:50,128,92
3/13/2021 17:44,132,95
3/13/2021 17:39,129,93
3/13/2021 17:33,133,96
3/13/2021 17:27,134,97
3/13/2021 17:21,132,95
3/13/2021 17:15,115,83
3/13/2021 17:09,98,71
3/13/2021 17:04,96,69
3/13/2021 16:58,100,72
3/13/2021 16:52,100,72
3/13/2021 16:46,96,69
3/13/2021 16:40,94,67
3/13/2021 16:34,82,59
3/13/2021 16:29,79,57
3/13/2021 16:23,73,53
3/13/2021 16:17,74,53
3/13/2021 16:11,74,53
3/13/2021 16:05,79,57
3/13/2021 15:59,102,73
3/13/2021 15:54,100,72
3/13/2021 15:48,106,76
3/13/2021 15:42,107,77
3/13/2021 15:36,116,84
3/13/2021 15:30,132,95
3/13/2021 15:24,114,82
3/13/2021 15:19,102,73
3/13/2021 15:13,103,74
3/13/2021 15:07,92,66
3/13/2021 15:01,81,58
3/13/2021 14:55,82,59
3/13/2021 14:50,72,52
3/13/2021 14:44,87,62
3/13/2021 14:39,87,62
3/13/2021 14:33,89,64
3/13/2021 14:27,81,58
3/13/2021 14:21,83,60
3/13/2021 14:15,77,55
3/13/2021 14:09,96,69
3/13/2021 14:04,91,66
3/13/2021 13:58,106,76
3/13/2021 13:52,114,82
3/13/2021 13:46,122,88
3/13/2021 13:40,122,88
3/13/2021 13:34,122,88
3/13/2021 13:29,124,89
3/13/2021 13:24,134,97
3/13/2021 13:18,132,95
3/13/2021 13:12,114,82
3/13/2021 13:06,137,98
3/13/2021 13:00,127,91
3/13/2021 12:54,125,90
3/13/2021 12:49,132,95
3/13/2021 12:43,129,93
3/13/2021 12:37,141,102
3/13/2021 12:31,139,100
3/13/2021 12:25,148,107
3/13/2021 12:19,136,98
3/13/2021 12:14,129,93
3/13/2021 12:08,111,80
3/13/2021 12:02,92,66
3/13/2021 11:56,116,84
3/13/2021 11:50,107,77
3/13/2021 11:44,104,75
3/13/2021 11:39,97,70
3/13/2021 11:33,88,63
3/13/2021 11:28,89,64
3/13/2021 11:22,91,66
3/13/2021 11:16,91,66
3/13/2021 11:10,94,67
3/13/2021 11:04,91,66
3/13/2021 10:59,86,62
3/13/2021 10:53,90,65
3/13/2021 10:47,102,73
3/13/2021 10:41,123,89
3/13/2021 10:35,144,103
3/13/2021 10:29,128,92
3/13/2021 10:24,108,78
3/13/2021 10:18,121,87
3/13/2021 10:12,123,88
3/13/2021 10:06,141,101
3/13/2021 10:00,111,80
3/13/2021 9:54,107,77
3/13/2021 9:49,116,84
3/13/2021 9:43,145,104
3/13/2021 9:37,224,161
3/13/2021 9:31,172,124
3/13/2021 9:25,166,120
3/13/2021 9:19,197,142
3/13/2021 9:14,294,212
3/13/2021 9:09,207,148
3/13/2021 9:03,456,322
3/13/2021 8:57,424,290
3/13/2021 8:52,207,149
3/13/2021 8:46,365,263
3/13/2021 8:40,225,162
3/13/2021 8:34,278,200
3/13/2021 8:29,202,146
3/13/2021 8:23,215,155
3/13/2021 8:17,582,419
3/13/2021 8:11,231,166
3/13/2021 8:05,821,589
3/13/2021 7:59,223,160
3/13/2021 7:54,325,234
3/13/2021 7:48,244,176
3/13/2021 7:42,257,184
3/13/2021 7:36,241,174
3/13/2021 7:30,242,173
3/13/2021 7:24,232,167
3/13/2021 7:19,238,171
3/13/2021 7:13,229,165
3/13/2021 7:07,248,178
3/13/2021 7:02,298,214
3/13/2021 6:56,238,170
3/13/2021 6:51,227,164
3/13/2021 6:45,232,167
3/13/2021 6:39,247,178
3/13/2021 6:34,246,177
3/13/2021 6:28,248,177
3/13/2021 6:22,257,183
3/13/2021 6:16,256,184
3/13/2021 6:10,263,188
3/13/2021 6:04,264,189
3/13/2021 5:59,247,176
3/13/2021 5:53,248,178
3/13/2021 5:47,225,162
3/13/2021 5:41,222,159
3/13/2021 5:35,209,151
3/13/2021 5:29,197,142
3/13/2021 5:24,196,141
3/13/2021 5:18,187,134
3/13/2021 5:12,180,129
3/13/2021 5:06,174,125
3/13/2021 5:01,173,125
3/13/2021 4:55,166,120
3/13/2021 4:49,164,118
3/13/2021 4:44,158,114
3/13/2021 4:38,163,117
3/13/2021 4:32,168,121
3/13/2021 4:26,167,120
3/13/2021 4:20,172,124
3/13/2021 4:14,173,125
3/13/2021 4:09,173,125
3/13/2021 4:03,175,126
3/13/2021 3:57,171,123
3/13/2021 3:51,173,125
3/13/2021 3:45,180,129
3/13/2021 3:39,175,125
3/13/2021 3:34,171,123
3/13/2021 3:28,164,118
3/13/2021 3:22,164,118
3/13/2021 3:17,164,118
3/13/2021 3:11,164,118
3/13/2021 3:05,158,114
3/13/2021 2:59,159,113
3/13/2021 2:54,157,113
3/13/2021 2:48,161,116
3/13/2021 2:42,156,112
3/13/2021 2:36,158,114
3/13/2021 2:30,159,115
3/13/2021 2:24,159,115
3/13/2021 2:19,160,115
3/13/2021 2:13,162,116
3/13/2021 2:07,163,117
3/13/2021 2:01,163,117
3/13/2021 1:55,164,118
3/13/2021 1:49,163,117
3/13/2021 1:44,164,117
3/13/2021 1:38,165,118
3/13/2021 1:32,167,120
3/13/2021 1:27,161,116
3/13/2021 1:21,163,117
3/13/2021 1:15,159,113
3/13/2021 1:09,153,110
3/13/2021 1:04,153,110
3/13/2021 0:58,150,108
3/13/2021 0:52,148,107
3/13/2021 0:46,146,105
3/13/2021 0:40,147,106
3/13/2021 0:34,146,105
3/13/2021 0:29,141,102
3/13/2021 0:23,136,98
3/13/2021 0:17,138,99
3/13/2021 0:11,141,102
3/13/2021 0:05,139,100
03-12-2021 23:59,365,253
03-12-2021 23:54,130,93
03-12-2021 23:48,127,91
03-12-2021 23:42,119,85
03-12-2021 23:36,106,76
03-12-2021 23:30,106,76
03-12-2021 23:24,104,75
03-12-2021 23:19,108,78
03-12-2021 23:13,106,76
03-12-2021 23:07,116,84
03-12-2021 23:01,106,76
03-12-2021 22:55,98,71
03-12-2021 22:49,98,71
03-12-2021 22:44,100,72
03-12-2021 22:38,104,75
03-12-2021 22:32,98,71
03-12-2021 22:26,89,64
03-12-2021 22:20,90,65
03-12-2021 22:14,96,69
03-12-2021 22:09,95,68
03-12-2021 22:03,113,81
03-12-2021 21:57,112,80
03-12-2021 21:51,103,74
03-12-2021 21:45,125,90
03-12-2021 21:39,113,81
03-12-2021 21:34,104,75
03-12-2021 21:28,112,80
03-12-2021 21:22,116,84
03-12-2021 21:16,113,81
03-12-2021 21:10,100,72
03-12-2021 21:04,96,69
03-12-2021 20:59,89,64
03-12-2021 20:53,96,69
03-12-2021 20:47,90,65
03-12-2021 20:41,89,64
03-12-2021 20:35,90,65
03-12-2021 20:29,118,80
03-12-2021 20:24,111,75
03-12-2021 20:18,137,87
03-12-2021 20:12,144,93
03-12-2021 20:06,196,141
03-12-2021 20:00,193,139
03-12-2021 19:54,170,122
03-12-2021 19:49,148,107
03-12-2021 19:43,158,114
03-12-2021 19:37,137,98
03-12-2021 19:31,129,93
03-12-2021 19:25,125,90
03-12-2021 19:19,122,88
03-12-2021 19:14,113,81
03-12-2021 19:08,112,80
03-12-2021 19:02,109,79
03-12-2021 18:56,115,83
03-12-2021 18:51,121,87
03-12-2021 18:45,127,91
03-12-2021 18:39,130,93
03-12-2021 18:34,131,94
03-12-2021 18:28,109,79
03-12-2021 18:22,104,75
03-12-2021 18:16,103,74
03-12-2021 18:10,115,83
03-12-2021 18:04,137,98
03-12-2021 17:59,114,82
03-12-2021 17:53,96,69
03-12-2021 17:47,92,66
03-12-2021 17:41,89,64
03-12-2021 17:35,86,62
03-12-2021 17:29,83,60
03-12-2021 17:24,86,62
03-12-2021 17:18,88,63
03-12-2021 17:12,90,65
03-12-2021 17:06,87,62
03-12-2021 17:00,85,61
03-12-2021 16:54,89,64
03-12-2021 16:49,91,66
03-12-2021 16:43,97,70
03-12-2021 16:37,94,67
03-12-2021 16:31,99,71
03-12-2021 16:25,102,73
03-12-2021 16:19,103,74
03-12-2021 16:14,107,77
03-12-2021 16:08,115,83
03-12-2021 16:02,111,80
03-12-2021 15:56,115,83
03-12-2021 15:50,114,82
03-12-2021 15:44,113,81
03-12-2021 15:39,114,82
03-12-2021 15:33,115,83
03-12-2021 15:27,119,85
03-12-2021 15:21,122,88
03-12-2021 15:15,122,88
03-12-2021 15:09,115,83
03-12-2021 15:04,116,84
03-12-2021 14:58,116,84
03-12-2021 14:52,114,82
03-12-2021 14:46,119,85
03-12-2021 14:40,121,87
03-12-2021 14:34,119,85
03-12-2021 14:29,116,84
03-12-2021 14:23,122,88
03-12-2021 14:17,125,90
03-12-2021 14:11,128,92
03-12-2021 14:06,124,89
03-12-2021 14:00,128,92
03-12-2021 13:54,129,93
03-12-2021 13:49,122,88
03-12-2021 13:43,112,80
03-12-2021 13:37,120,86
03-12-2021 13:31,124,89
03-12-2021 13:25,129,93
03-12-2021 13:19,116,84
03-12-2021 13:14,116,84
03-12-2021 13:08,121,87
03-12-2021 13:02,117,84
03-12-2021 12:56,121,87
03-12-2021 12:50,106,76
03-12-2021 12:44,114,82
03-12-2021 12:39,119,85
03-12-2021 12:33,104,75
03-12-2021 12:27,115,83
03-12-2021 12:21,104,75
03-12-2021 12:15,121,87
03-12-2021 12:09,141,102
03-12-2021 12:04,132,95
03-12-2021 11:58,155,111
03-12-2021 11:52,153,110
03-12-2021 11:46,155,111
03-12-2021 11:40,151,109
03-12-2021 11:34,154,111
03-12-2021 11:29,149,107
03-12-2021 11:24,149,107
03-12-2021 11:18,156,112
03-12-2021 11:12,158,114
03-12-2021 11:06,151,109
03-12-2021 11:00,150,108
03-12-2021 10:54,153,110
03-12-2021 10:49,158,114
03-12-2021 10:43,155,111
03-12-2021 10:37,157,113
03-12-2021 10:31,166,120
03-12-2021 10:25,176,127
03-12-2021 10:19,200,143
03-12-2021 10:14,175,126
03-12-2021 10:08,196,141
03-12-2021 10:02,196,141
03-12-2021 09:56,195,140
03-12-2021 09:50,197,142
03-12-2021 09:44,214,154
03-12-2021 09:39,216,156
03-12-2021 09:33,215,155
03-12-2021 09:27,208,150
03-12-2021 09:21,214,154
03-12-2021 09:15,204,147
03-12-2021 09:10,211,151
03-12-2021 09:04,198,142
03-12-2021 08:59,249,177
03-12-2021 08:53,230,165
03-12-2021 08:47,215,155
03-12-2021 08:41,225,162
03-12-2021 08:35,232,165
03-12-2021 08:29,224,160
03-12-2021 08:24,238,168
03-12-2021 08:18,265,183
03-12-2021 08:12,237,167
03-12-2021 08:06,205,147
03-12-2021 08:01,207,148
03-12-2021 07:55,246,177
03-12-2021 07:49,191,136
03-12-2021 07:44,180,129
03-12-2021 07:38,175,126
03-12-2021 07:32,176,127
03-12-2021 07:26,166,120
03-12-2021 07:20,156,112
03-12-2021 07:14,154,111
03-12-2021 07:09,161,116
03-12-2021 07:03,157,113
03-12-2021 06:57,154,111
03-12-2021 06:51,150,107
03-12-2021 06:45,155,111
03-12-2021 06:39,157,113
03-12-2021 06:34,154,111
03-12-2021 06:28,149,107
03-12-2021 06:23,151,109
03-12-2021 06:17,153,110
03-12-2021 06:11,159,115
03-12-2021 06:05,162,116
03-12-2021 05:59,159,115
03-12-2021 05:53,168,120
03-12-2021 05:48,161,116
03-12-2021 05:42,164,117
03-12-2021 05:36,163,116
03-12-2021 05:30,162,116
03-12-2021 05:24,159,113
03-12-2021 05:18,159,114
03-12-2021 05:13,174,124
03-12-2021 05:07,169,121
03-12-2021 05:01,176,124
03-12-2021 04:55,206,142
03-12-2021 04:49,163,117
03-12-2021 04:43,148,107
03-12-2021 04:38,158,114
03-12-2021 04:32,151,109
03-12-2021 04:26,157,113
03-12-2021 04:20,151,109
03-12-2021 04:14,189,136
03-12-2021 04:09,216,152
03-12-2021 04:03,185,133
03-12-2021 03:57,183,130
03-12-2021 03:51,149,107
03-12-2021 03:45,146,105
03-12-2021 03:39,120,86
03-12-2021 03:33,115,83
03-12-2021 03:28,125,90
03-12-2021 03:22,138,99
03-12-2021 03:16,172,124
03-12-2021 03:11,167,120
03-12-2021 03:05,195,138
03-12-2021 02:59,211,150
03-12-2021 02:53,221,157
03-12-2021 02:48,178,128
03-12-2021 02:42,175,124
03-12-2021 02:36,172,123
03-12-2021 02:30,142,102
03-12-2021 02:24,139,100
03-12-2021 02:18,136,98
03-12-2021 02:13,144,103
03-12-2021 02:07,151,109
03-12-2021 02:01,160,115
03-12-2021 01:55,157,113
03-12-2021 01:49,150,108
03-12-2021 01:43,153,110
03-12-2021 01:38,151,109
03-12-2021 01:32,161,116
03-12-2021 01:26,154,111
03-12-2021 01:20,147,106
03-12-2021 01:14,150,108
03-12-2021 01:08,148,107
03-12-2021 01:03,145,104
03-12-2021 00:57,137,98
03-12-2021 00:51,149,107
03-12-2021 00:45,133,96
03-12-2021 00:39,127,91
03-12-2021 00:33,146,105
03-12-2021 00:28,110,78
03-12-2021 00:22,126,89
03-12-2021 00:17,133,95
03-12-2021 00:11,132,94
03-12-2021 00:05,100,72
03-11-2021 23:59,92,66
03-11-2021 23:53,94,67
03-11-2021 23:48,92,66
03-11-2021 23:42,86,62
03-11-2021 23:36,79,57
03-11-2021 23:30,78,56
03-11-2021 23:24,78,56
03-11-2021 23:18,74,53
03-11-2021 23:13,77,55
03-11-2021 23:07,77,55
03-11-2021 23:01,83,60
03-11-2021 22:55,82,59
03-11-2021 22:49,78,56
03-11-2021 22:43,77,55
03-11-2021 22:38,79,57
03-11-2021 22:32,78,56
03-11-2021 22:26,81,58
03-11-2021 22:20,83,60
03-11-2021 22:14,90,65
03-11-2021 22:08,91,66
03-11-2021 22:03,87,62
03-11-2021 21:57,89,64
03-11-2021 21:51,94,67
03-11-2021 21:45,96,69
03-11-2021 21:39,107,77
03-11-2021 21:33,151,109
03-11-2021 21:28,183,132
03-11-2021 21:22,223,160
03-11-2021 21:16,213,153
03-11-2021 21:10,200,144
03-11-2021 21:04,199,143
03-11-2021 20:58,202,146
03-11-2021 20:53,196,141
03-11-2021 20:47,199,143
03-11-2021 20:41,191,138
03-11-2021 20:35,191,138
03-11-2021 20:29,191,138
03-11-2021 20:23,172,124
03-11-2021 20:18,166,120
03-11-2021 20:13,164,118
03-11-2021 20:07,167,120
03-11-2021 20:01,164,118
03-11-2021 19:55,164,118
03-11-2021 19:49,163,117
03-11-2021 19:43,155,111
03-11-2021 19:38,153,110
03-11-2021 19:32,151,109
03-11-2021 19:26,156,112
03-11-2021 19:20,154,111
03-11-2021 19:14,156,112
03-11-2021 19:09,150,108
03-11-2021 19:03,151,109
03-11-2021 18:58,149,107
03-11-2021 18:52,149,107
03-11-2021 18:46,151,109
03-11-2021 18:40,150,108
03-11-2021 18:34,151,109
03-11-2021 18:28,148,107
03-11-2021 18:23,150,108
03-11-2021 18:17,138,99
03-11-2021 18:11,132,95
03-11-2021 18:05,136,98
03-11-2021 17:59,136,98
03-11-2021 17:53,122,88
03-11-2021 17:48,128,92
03-11-2021 17:42,124,89
03-11-2021 17:37,120,86
03-11-2021 17:31,123,89
03-11-2021 17:25,128,92
03-11-2021 17:19,133,96
03-11-2021 17:13,137,98
03-11-2021 17:08,137,98
03-11-2021 17:02,125,90
03-11-2021 16:56,119,85
03-11-2021 16:50,119,85
03-11-2021 16:44,105,75
03-11-2021 16:38,104,75
03-11-2021 16:33,99,71
03-11-2021 16:27,100,72
03-11-2021 16:21,99,71
03-11-2021 16:15,102,73
03-11-2021 16:09,100,72
03-11-2021 16:03,99,71
03-11-2021 15:58,103,74
03-11-2021 15:52,108,78
03-11-2021 15:46,109,79
03-11-2021 15:40,113,81
03-11-2021 15:34,106,76
03-11-2021 15:28,109,79
03-11-2021 15:23,106,76
03-11-2021 15:17,111,80
03-11-2021 15:11,105,75
03-11-2021 15:05,108,78
03-11-2021 14:59,108,78
03-11-2021 14:53,111,80
03-11-2021 14:48,113,81
03-11-2021 14:42,109,79
03-11-2021 14:36,112,80
03-11-2021 14:30,108,78
03-11-2021 14:24,109,79
03-11-2021 14:18,112,80
03-11-2021 14:13,116,84
03-11-2021 14:07,120,86
03-11-2021 14:01,121,87
03-11-2021 13:55,117,84
03-11-2021 13:49,121,87
03-11-2021 13:43,114,82
03-11-2021 13:38,119,85
03-11-2021 13:33,115,83
03-11-2021 13:27,117,84
03-11-2021 13:21,115,83
03-11-2021 13:15,114,82
03-11-2021 13:09,109,79
03-11-2021 13:04,121,87
03-11-2021 12:58,117,84
03-11-2021 12:53,122,88
03-11-2021 12:48,115,83
03-11-2021 12:42,109,79
03-11-2021 12:36,116,84
03-11-2021 12:30,109,79
03-11-2021 12:24,109,79
03-11-2021 12:18,113,81
03-11-2021 12:13,112,80
03-11-2021 12:07,106,76
03-11-2021 12:02,111,80
03-11-2021 11:56,109,79
03-11-2021 11:50,111,80
03-11-2021 11:44,114,82
03-11-2021 11:38,117,84
03-11-2021 11:33,115,83
03-11-2021 11:27,113,81
03-11-2021 11:21,117,84
03-11-2021 11:15,122,88
03-11-2021 11:09,137,98
03-11-2021 11:03,128,92
03-11-2021 10:58,132,95
03-11-2021 10:52,132,95
03-11-2021 10:46,140,101
03-11-2021 10:40,129,93
03-11-2021 10:34,144,103
03-11-2021 10:28,145,104
03-11-2021 10:23,156,112
03-11-2021 10:17,127,91
03-11-2021 10:11,134,97
03-11-2021 10:05,137,98
03-11-2021 09:59,136,98
03-11-2021 09:53,145,104
03-11-2021 09:48,147,106
03-11-2021 09:42,148,107
03-11-2021 09:36,150,108
03-11-2021 09:30,163,117
03-11-2021 09:24,166,120
03-11-2021 09:18,162,116
03-11-2021 09:13,167,120
03-11-2021 09:07,163,117
03-11-2021 09:01,166,120
03-11-2021 08:55,172,124
03-11-2021 08:49,174,125
03-11-2021 08:43,181,130
03-11-2021 08:38,174,125
03-11-2021 08:32,175,126
03-11-2021 08:26,183,132
03-11-2021 08:20,181,130
03-11-2021 08:14,180,129
03-11-2021 08:08,185,133
03-11-2021 08:03,187,134
03-11-2021 07:57,192,138
03-11-2021 07:51,189,136
03-11-2021 07:45,200,144
03-11-2021 07:39,215,153
03-11-2021 07:33,232,165
03-11-2021 07:28,260,187
03-11-2021 07:22,233,168
03-11-2021 07:16,226,162
03-11-2021 07:10,238,170
03-11-2021 07:04,207,149
03-11-2021 06:58,204,147
03-11-2021 06:53,205,147
03-11-2021 06:47,198,142
03-11-2021 06:41,206,148
03-11-2021 06:35,201,145
03-11-2021 06:29,199,143
03-11-2021 06:23,192,138
03-11-2021 06:18,190,137
03-11-2021 06:12,193,139
03-11-2021 06:06,183,132
03-11-2021 06:00,182,131
03-11-2021 05:54,181,130
03-11-2021 05:48,183,132
03-11-2021 05:43,178,128
03-11-2021 05:37,172,124
03-11-2021 05:31,163,117
03-11-2021 05:25,167,120
03-11-2021 05:19,164,118
03-11-2021 05:13,170,122
03-11-2021 05:08,158,114
03-11-2021 05:02,161,116
03-11-2021 04:56,166,120
03-11-2021 04:50,167,120
03-11-2021 04:44,178,128
03-11-2021 04:39,161,116
03-11-2021 04:33,163,117
03-11-2021 04:28,157,113
03-11-2021 04:22,149,107
03-11-2021 04:17,147,106
03-11-2021 04:11,159,115
03-11-2021 04:05,161,116
03-11-2021 03:59,165,119
03-11-2021 03:53,159,115
03-11-2021 03:48,170,122
03-11-2021 03:42,192,138
03-11-2021 03:36,173,125
03-11-2021 03:30,168,121
03-11-2021 03:25,167,120
03-11-2021 03:19,172,124
03-11-2021 03:13,163,117
03-11-2021 03:08,163,117
03-11-2021 03:02,162,116
03-11-2021 02:56,162,116
03-11-2021 02:50,164,118
03-11-2021 02:44,170,122
03-11-2021 02:38,167,120
03-11-2021 02:33,171,123
03-11-2021 02:27,157,113
03-11-2021 02:21,151,109
03-11-2021 02:16,151,109
03-11-2021 02:10,151,109
03-11-2021 02:04,154,111
03-11-2021 01:58,151,109
03-11-2021 01:53,150,108
03-11-2021 01:47,148,107
03-11-2021 01:41,144,103
03-11-2021 01:35,139,100
03-11-2021 01:29,137,98
03-11-2021 01:23,134,97
03-11-2021 01:18,134,97
03-11-2021 01:13,136,98
03-11-2021 01:07,133,96
03-11-2021 01:01,136,98
03-11-2021 00:55,133,96
03-11-2021 00:49,133,96
03-11-2021 00:44,134,97
03-11-2021 00:38,133,96
03-11-2021 00:33,133,96
03-11-2021 00:27,129,93
03-11-2021 00:21,133,96
03-11-2021 00:15,129,93
03-11-2021 00:09,129,93
03-11-2021 00:03,128,92
03-10-2021 23:58,136,98
03-10-2021 23:52,130,93
03-10-2021 23:46,129,93
03-10-2021 23:40,130,93
03-10-2021 23:34,125,90
03-10-2021 23:28,131,94
03-10-2021 23:23,111,80
03-10-2021 23:17,117,84
03-10-2021 23:12,112,80
03-10-2021 23:06,103,74
03-10-2021 23:00,106,76
03-10-2021 22:54,112,80
03-10-2021 22:48,115,83
03-10-2021 22:43,119,85
03-10-2021 22:37,122,88
03-10-2021 22:31,116,84
03-10-2021 22:25,122,88
03-10-2021 22:19,106,76
03-10-2021 22:13,103,74
03-10-2021 22:08,107,77
03-10-2021 22:02,112,80
03-10-2021 21:56,116,84
03-10-2021 21:50,114,82
03-10-2021 21:44,116,84
03-10-2021 21:38,120,86
03-10-2021 21:33,122,88
03-10-2021 21:27,124,89
03-10-2021 21:21,129,93
03-10-2021 21:15,137,98
03-10-2021 21:09,131,94
03-10-2021 21:03,130,93
03-10-2021 20:58,115,83
03-10-2021 20:52,114,82
03-10-2021 20:46,105,75
03-10-2021 20:41,115,83
03-10-2021 20:35,114,82
03-10-2021 20:29,116,84
03-10-2021 20:23,116,84
03-10-2021 20:18,115,83
03-10-2021 20:12,100,72
03-10-2021 20:06,90,65
03-10-2021 20:00,79,57
03-10-2021 19:54,86,62
03-10-2021 19:48,83,60
03-10-2021 19:43,77,55
03-10-2021 19:37,73,53
03-10-2021 19:31,72,52
03-10-2021 19:25,64,46
03-10-2021 19:19,68,49
03-10-2021 19:13,65,47
03-10-2021 19:08,69,49
03-10-2021 19:02,73,53
03-10-2021 18:56,82,59
03-10-2021 18:50,81,58
03-10-2021 18:44,73,53
03-10-2021 18:38,73,53
03-10-2021 18:33,70,50
03-10-2021 18:27,72,52
03-10-2021 18:21,65,47
03-10-2021 18:15,72,52
03-10-2021 18:09,89,64
03-10-2021 18:03,74,53
03-10-2021 17:58,70,50
03-10-2021 17:52,69,49
03-10-2021 17:46,65,47
03-10-2021 17:40,68,49
03-10-2021 17:34,73,53
03-10-2021 17:28,89,64
03-10-2021 17:23,75,54
03-10-2021 17:17,111,80
03-10-2021 17:11,87,62
03-10-2021 17:05,98,68
03-10-2021 16:59,266,191
03-10-2021 16:53,191,138
03-10-2021 16:48,173,125
03-10-2021 16:43,188,135
03-10-2021 16:37,180,129
03-10-2021 16:31,174,125
03-10-2021 16:25,166,120
03-10-2021 16:19,156,112
03-10-2021 16:13,154,111
03-10-2021 16:08,140,101
03-10-2021 16:02,147,106
03-10-2021 15:56,144,103
03-10-2021 15:50,144,103
03-10-2021 15:44,136,98
03-10-2021 15:38,132,95
03-10-2021 15:33,123,89
03-10-2021 15:27,129,93
03-10-2021 15:21,132,95
03-10-2021 15:15,133,96
03-10-2021 15:09,137,98
03-10-2021 15:03,140,101
03-10-2021 14:58,139,100
03-10-2021 14:52,145,104
03-10-2021 14:46,149,107
03-10-2021 14:41,148,107
03-10-2021 14:35,144,103
03-10-2021 14:29,150,108
03-10-2021 14:23,156,112
03-10-2021 14:18,159,115
03-10-2021 14:12,161,116
03-10-2021 14:06,164,118
03-10-2021 14:00,167,120
03-10-2021 13:54,170,122
03-10-2021 13:48,170,122
03-10-2021 13:43,173,125
03-10-2021 13:37,182,131
03-10-2021 13:31,191,138
03-10-2021 13:25,184,133
03-10-2021 13:19,193,139
03-10-2021 13:13,200,144
03-10-2021 13:08,198,142
03-10-2021 13:03,200,144
03-10-2021 12:57,192,138
03-10-2021 12:51,188,135
03-10-2021 12:45,182,131
03-10-2021 12:39,180,129
03-10-2021 12:33,173,125
03-10-2021 12:28,172,124
03-10-2021 12:22,179,129
03-10-2021 12:16,167,120
03-10-2021 12:10,183,132
03-10-2021 12:04,163,117
03-10-2021 11:58,168,121
03-10-2021 11:53,178,127
03-10-2021 11:47,178,128
03-10-2021 11:41,176,127
03-10-2021 11:35,173,125
03-10-2021 11:29,171,123
03-10-2021 11:23,164,118
03-10-2021 11:18,174,125
03-10-2021 11:12,174,125
03-10-2021 11:06,180,129
03-10-2021 11:00,184,133
03-10-2021 10:54,189,136
03-10-2021 10:48,199,141
03-10-2021 10:43,193,136
03-10-2021 10:37,199,141
03-10-2021 10:31,201,142
03-10-2021 10:25,218,155
03-10-2021 10:19,226,160
03-10-2021 10:13,207,147
03-10-2021 10:08,218,153
03-10-2021 10:02,222,156
03-10-2021 09:56,234,162
03-10-2021 09:50,223,157
03-10-2021 09:44,258,179
03-10-2021 09:38,265,183
03-10-2021 09:33,267,183
03-10-2021 09:27,274,186
03-10-2021 09:21,271,184
03-10-2021 09:15,309,210
03-10-2021 09:09,248,171
03-10-2021 09:03,238,164
03-10-2021 08:58,217,149
03-10-2021 08:52,214,147
03-10-2021 08:46,216,148
03-10-2021 08:40,199,139
03-10-2021 08:34,204,141
03-10-2021 08:28,201,139
03-10-2021 08:23,201,136
03-10-2021 08:17,199,135
03-10-2021 08:11,185,125
03-10-2021 08:05,196,130
03-10-2021 07:59,175,118
03-10-2021 07:53,164,111
03-10-2021 07:48,140,97
03-10-2021 07:42,138,95
03-10-2021 07:36,137,94
03-10-2021 07:30,131,93
03-10-2021 07:24,135,95
03-10-2021 07:18,136,96
03-10-2021 07:13,120,85
03-10-2021 07:07,125,87
03-10-2021 07:01,124,89
03-10-2021 06:55,119,85
03-10-2021 06:49,120,86
03-10-2021 06:43,120,86
03-10-2021 06:38,134,97
03-10-2021 06:32,141,102
03-10-2021 06:26,142,102
03-10-2021 06:20,145,104
03-10-2021 06:14,173,122
03-10-2021 06:08,174,124
03-10-2021 06:03,153,110
03-10-2021 05:57,146,105
03-10-2021 05:51,155,109
03-10-2021 05:45,133,96
03-10-2021 05:39,150,107
03-10-2021 05:33,115,83
03-10-2021 05:28,119,85
03-10-2021 05:22,130,93
03-10-2021 05:16,111,80
03-10-2021 05:10,111,80
03-10-2021 05:04,103,74
03-10-2021 04:58,107,77
03-10-2021 04:53,109,79
03-10-2021 04:47,112,80
03-10-2021 04:41,128,92
03-10-2021 04:35,133,96
03-10-2021 04:29,130,93
03-10-2021 04:23,147,106
03-10-2021 04:18,150,108
03-10-2021 04:12,162,116
03-10-2021 04:06,155,111
03-10-2021 04:01,147,106
03-10-2021 03:55,144,103
03-10-2021 03:49,155,111
03-10-2021 03:43,142,102
03-10-2021 03:38,136,98
03-10-2021 03:32,158,114
03-10-2021 03:26,137,98
03-10-2021 03:20,127,91
03-10-2021 03:14,125,90
03-10-2021 03:08,125,90
03-10-2021 03:03,131,94
03-10-2021 02:57,142,102
03-10-2021 02:51,124,89
03-10-2021 02:45,139,100
03-10-2021 02:39,147,106
03-10-2021 02:33,157,113
03-10-2021 02:28,145,104
03-10-2021 02:22,159,115
03-10-2021 02:16,142,102
03-10-2021 02:10,153,110
03-10-2021 02:04,134,97
03-10-2021 01:58,146,105
03-10-2021 01:53,151,109
03-10-2021 01:47,149,107
03-10-2021 01:41,140,101
03-10-2021 01:35,139,100
03-10-2021 01:29,130,93
03-10-2021 01:23,138,99
03-10-2021 01:18,125,90
03-10-2021 01:12,134,97
03-10-2021 01:06,150,108
03-10-2021 01:00,150,108
03-10-2021 00:54,142,102
03-10-2021 00:48,147,106
03-10-2021 00:43,149,107
03-10-2021 00:37,158,114
03-10-2021 00:31,170,122
03-10-2021 00:25,173,125
03-10-2021 00:19,171,123
03-10-2021 00:13,181,130
03-10-2021 00:08,204,147
03-10-2021 00:02,290,209
03-09-2021 23:56,342,246
03-09-2021 23:50,324,233
03-09-2021 23:44,310,223
03-09-2021 23:38,288,207
03-09-2021 23:33,293,211
03-09-2021 23:27,300,216
03-09-2021 23:21,294,212
03-09-2021 23:15,295,213
03-09-2021 23:09,305,219
03-09-2021 23:03,303,218
03-09-2021 22:58,294,212
03-09-2021 22:52,285,205
03-09-2021 22:46,292,210
03-09-2021 22:40,289,208
03-09-2021 22:34,303,218
03-09-2021 22:28,314,226
03-09-2021 22:23,325,234
03-09-2021 22:17,324,233
03-09-2021 22:11,331,238
03-09-2021 22:05,300,216
03-09-2021 21:59,297,214
03-09-2021 21:53,288,207
03-09-2021 21:48,292,210
03-09-2021 21:42,300,216
03-09-2021 21:36,271,195
03-09-2021 21:30,261,188
03-09-2021 21:25,257,185
03-09-2021 21:19,258,186
03-09-2021 21:13,252,182
03-09-2021 21:08,247,178
03-09-2021 21:02,250,180
03-09-2021 20:56,256,184
03-09-2021 20:50,252,182
03-09-2021 20:45,258,186
03-09-2021 20:39,255,183
03-09-2021 20:33,258,186
03-09-2021 20:28,246,177
03-09-2021 20:22,250,180
03-09-2021 20:16,246,177
03-09-2021 20:10,258,186
03-09-2021 20:04,250,180
03-09-2021 19:58,244,176
03-09-2021 19:53,247,178
03-09-2021 19:48,240,173
03-09-2021 19:42,238,171
03-09-2021 19:36,233,168
03-09-2021 19:30,229,165
03-09-2021 19:24,226,163
03-09-2021 19:18,227,164
03-09-2021 19:13,232,167
03-09-2021 19:07,246,177
03-09-2021 19:01,248,178
03-09-2021 18:55,259,187
03-09-2021 18:49,251,181
03-09-2021 18:43,242,174
03-09-2021 18:38,231,166
03-09-2021 18:32,230,165
03-09-2021 18:26,240,173
03-09-2021 18:20,240,173
03-09-2021 18:14,225,162
03-09-2021 18:08,230,165
03-09-2021 18:03,214,154
03-09-2021 17:57,214,154
03-09-2021 17:51,213,153
03-09-2021 17:45,219,158
03-09-2021 17:39,209,151
03-09-2021 17:33,213,153
03-09-2021 17:28,216,156
03-09-2021 17:22,209,151
03-09-2021 17:16,193,139
03-09-2021 17:10,198,142
03-09-2021 17:04,199,143
03-09-2021 16:58,196,141
03-09-2021 16:53,193,139
03-09-2021 16:47,191,138
03-09-2021 16:41,185,133
03-09-2021 16:35,184,133
03-09-2021 16:29,173,125
03-09-2021 16:23,167,120
03-09-2021 16:18,175,126
03-09-2021 16:12,176,127
03-09-2021 16:06,184,133
03-09-2021 16:00,189,136
03-09-2021 15:54,181,130
03-09-2021 15:48,184,133
03-09-2021 15:43,181,130
03-09-2021 15:37,179,129
03-09-2021 15:31,172,124
03-09-2021 15:25,171,123
03-09-2021 15:19,170,122
03-09-2021 15:13,175,126
03-09-2021 15:08,175,126
03-09-2021 15:02,172,124
03-09-2021 14:56,173,125
03-09-2021 14:50,171,123
03-09-2021 14:44,173,125
03-09-2021 14:38,175,126
03-09-2021 14:33,188,135
03-09-2021 14:27,175,126
03-09-2021 14:21,175,126
03-09-2021 14:15,175,126
03-09-2021 14:09,171,123
03-09-2021 14:03,175,126
03-09-2021 13:58,171,123
03-09-2021 13:52,173,125
03-09-2021 13:46,163,117
03-09-2021 13:40,156,112
03-09-2021 13:34,159,115
03-09-2021 13:28,170,122
03-09-2021 13:23,172,124
03-09-2021 13:18,183,132
03-09-2021 13:12,172,124
03-09-2021 13:06,197,142
03-09-2021 13:00,255,183
03-09-2021 12:54,241,173
03-09-2021 12:48,257,185
03-09-2021 12:43,283,201
03-09-2021 12:37,257,185
03-09-2021 12:31,262,188
03-09-2021 12:25,251,181
03-09-2021 12:19,264,189
03-09-2021 12:13,248,177
03-09-2021 12:08,269,194
03-09-2021 12:02,299,214
03-09-2021 11:56,267,191
03-09-2021 11:50,282,203
03-09-2021 11:44,289,208
03-09-2021 11:38,266,191
03-09-2021 11:33,284,204
03-09-2021 11:27,314,226
03-09-2021 11:21,301,217
03-09-2021 11:15,307,221
03-09-2021 11:09,302,218
03-09-2021 11:03,323,232
03-09-2021 10:58,305,219
03-09-2021 10:52,305,219
03-09-2021 10:46,293,211
03-09-2021 10:40,292,210
03-09-2021 10:34,301,217
03-09-2021 10:28,291,209
03-09-2021 10:23,291,209
03-09-2021 10:18,286,206
03-09-2021 10:12,280,201
03-09-2021 10:06,289,208
03-09-2021 10:00,299,215
03-09-2021 09:54,276,199
03-09-2021 09:48,287,205
03-09-2021 09:43,328,234
03-09-2021 09:38,285,205
03-09-2021 09:32,320,231
03-09-2021 09:26,277,200
03-09-2021 09:20,265,191
03-09-2021 09:14,271,194
03-09-2021 09:08,619,429
03-09-2021 09:03,269,193
03-09-2021 08:57,269,191
03-09-2021 08:51,270,193
03-09-2021 08:45,268,191
03-09-2021 08:39,290,209
03-09-2021 08:33,309,220
03-09-2021 08:28,261,187
03-09-2021 08:22,316,221
03-09-2021 08:16,244,174
03-09-2021 08:10,281,198
03-09-2021 08:04,269,190
03-09-2021 07:58,253,181
03-09-2021 07:53,223,160
03-09-2021 07:47,221,159
03-09-2021 07:41,214,154
03-09-2021 07:35,216,156
03-09-2021 07:29,222,160
03-09-2021 07:23,216,154
03-09-2021 07:18,199,143
03-09-2021 07:12,211,151
03-09-2021 07:06,233,168
03-09-2021 07:00,218,157
03-09-2021 06:54,216,156
03-09-2021 06:48,208,150
03-09-2021 06:43,208,150
03-09-2021 06:37,205,147
03-09-2021 06:31,198,142
03-09-2021 06:25,201,145
03-09-2021 06:19,218,157
03-09-2021 06:13,198,142
03-09-2021 06:08,195,140
03-09-2021 06:02,190,137
03-09-2021 05:56,187,134
03-09-2021 05:50,182,131
03-09-2021 05:44,183,132
03-09-2021 05:38,178,128
03-09-2021 05:33,171,123
03-09-2021 05:27,167,120
03-09-2021 05:21,162,116
03-09-2021 05:15,165,119
03-09-2021 05:09,165,119
03-09-2021 05:03,170,122
03-09-2021 04:58,179,129
03-09-2021 04:52,185,133
03-09-2021 04:46,158,114
03-09-2021 04:40,164,118
03-09-2021 04:34,170,122
03-09-2021 04:28,214,150
03-09-2021 04:23,285,198
03-09-2021 04:17,300,208
03-09-2021 04:11,281,195
03-09-2021 04:05,251,179
03-09-2021 03:59,230,164
03-09-2021 03:53,221,156
03-09-2021 03:48,220,157
03-09-2021 03:42,197,140
03-09-2021 03:36,186,133
03-09-2021 03:30,170,122
03-09-2021 03:24,157,113
03-09-2021 03:18,156,112
03-09-2021 03:13,157,113
03-09-2021 03:07,173,125
03-09-2021 03:01,179,129
03-09-2021 02:55,193,139
03-09-2021 02:49,256,184
03-09-2021 02:43,176,127
03-09-2021 02:38,147,106
03-09-2021 02:32,146,105
03-09-2021 02:26,165,119
03-09-2021 02:20,166,120
03-09-2021 02:14,148,107
03-09-2021 02:08,171,123
03-09-2021 02:03,138,99
03-09-2021 01:57,144,103
03-09-2021 01:51,140,101
03-09-2021 01:45,137,98
03-09-2021 01:39,130,93
03-09-2021 01:33,130,93
03-09-2021 01:28,128,92
03-09-2021 01:22,134,97
03-09-2021 01:16,132,95
03-09-2021 01:11,136,98
03-09-2021 01:05,134,97
03-09-2021 00:59,136,98
03-09-2021 00:53,131,94
03-09-2021 00:48,134,97
03-09-2021 00:42,137,98
03-09-2021 00:36,141,102
03-09-2021 00:30,134,97
03-09-2021 00:24,134,97
03-09-2021 00:18,147,106
03-09-2021 00:13,133,96
03-09-2021 00:07,131,94
03-09-2021 00:01,137,98
03-08-2021 23:55,134,97
03-08-2021 23:49,137,98
03-08-2021 23:43,134,97
03-08-2021 23:38,144,103
03-08-2021 23:32,151,109
03-08-2021 23:26,151,109
03-08-2021 23:20,158,114
03-08-2021 23:14,166,120
03-08-2021 23:08,180,129
03-08-2021 23:03,180,129
03-08-2021 22:57,176,127
03-08-2021 22:51,170,122
03-08-2021 22:45,171,123
03-08-2021 22:39,155,111
03-08-2021 22:33,142,102
03-08-2021 22:28,139,100
03-08-2021 22:22,146,105
03-08-2021 22:16,147,106
03-08-2021 22:10,153,110
03-08-2021 22:04,161,116
03-08-2021 21:58,157,113
03-08-2021 21:53,163,117
03-08-2021 21:47,165,119
03-08-2021 21:41,180,129
03-08-2021 21:35,206,148
03-08-2021 21:29,206,148
03-08-2021 21:23,208,150
03-08-2021 21:18,195,140
03-08-2021 21:12,204,147
03-08-2021 21:06,205,147
03-08-2021 21:00,197,142
03-08-2021 20:54,195,140
03-08-2021 20:48,198,142
03-08-2021 20:43,201,145
03-08-2021 20:37,208,150
03-08-2021 20:31,212,152
03-08-2021 20:25,223,160
03-08-2021 20:19,223,160
03-08-2021 20:13,226,163
03-08-2021 20:08,223,160
03-08-2021 20:02,225,162
03-08-2021 19:56,226,163
03-08-2021 19:50,227,164
03-08-2021 19:44,217,156
03-08-2021 19:38,208,150
03-08-2021 19:33,209,151
03-08-2021 19:27,217,156
03-08-2021 19:21,218,157
03-08-2021 19:15,218,157
03-08-2021 19:09,219,158
03-08-2021 19:03,221,159
03-08-2021 18:58,218,157
03-08-2021 18:52,235,169
03-08-2021 18:46,237,170
03-08-2021 18:40,217,156
03-08-2021 18:34,219,158
03-08-2021 18:29,215,155
03-08-2021 18:23,213,153
03-08-2021 18:18,215,155
03-08-2021 18:12,225,162
03-08-2021 18:06,225,162
03-08-2021 18:00,189,136
03-08-2021 17:54,178,128
03-08-2021 17:48,170,122
03-08-2021 17:43,158,114
03-08-2021 17:37,153,110
03-08-2021 17:31,149,107
03-08-2021 17:25,145,104
03-08-2021 17:19,142,102
03-08-2021 17:13,144,103
03-08-2021 17:08,146,105
03-08-2021 17:03,147,106
03-08-2021 16:58,140,101
03-08-2021 16:52,139,100
03-08-2021 16:46,136,98
03-08-2021 16:40,131,94
03-08-2021 16:34,133,96
03-08-2021 16:28,132,95
03-08-2021 16:23,131,94
03-08-2021 16:17,134,97
03-08-2021 16:11,133,96
03-08-2021 16:05,134,97
03-08-2021 15:59,132,95
03-08-2021 15:53,137,98
03-08-2021 15:48,130,93
03-08-2021 15:42,136,98
03-08-2021 15:36,129,93
03-08-2021 15:30,129,93
03-08-2021 15:24,128,92
03-08-2021 15:18,134,97
03-08-2021 15:13,133,96
03-08-2021 15:07,132,95
03-08-2021 15:01,138,99
03-08-2021 14:55,-1,-1
03-08-2021 14:49,141,102
03-08-2021 14:43,146,105
03-08-2021 14:38,150,108
03-08-2021 14:32,151,109
03-08-2021 14:26,149,107
03-08-2021 14:20,150,108
03-08-2021 14:14,148,107
03-08-2021 14:08,158,114
03-08-2021 14:03,178,128
03-06-2021 12:44,32,45
03-06-2021 12:42,33,46
03-06-2021 12:35,34,47
03-06-2021 12:34,35,48
03-06-2021 12:30,36,51
03-06-2021 12:27,37,52
03-06-2021 12:26,36,51
03-06-2021 12:22,38,53
03-06-2021 12:19,38,53
03-06-2021 12:14,38,53
03-06-2021 12:10,0,0
03-06-2021 12:07,38,53
03-06-2021 12:04,38,53
03-06-2021 12:03,38,53
03-06-2021 11:59,39,54
03-06-2021 11:55,0,0
03-06-2021 11:52,49,69
03-06-2021 11:50,49,69
03-06-2021 11:46,51,71
03-06-2021 11:43,50,70
03-06-2021 11:42,51,71
03-06-2021 11:38,53,73
03-06-2021 11:34,52,72
03-06-2021 11:34,53,73
03-06-2021 11:30,54,76
03-06-2021 11:27,56,78
03-06-2021 11:27,57,80
03-06-2021 11:18,61,87
03-06-2021 11:14,54,76
03-06-2021 11:09,0,0
03-06-2021 11:06,58,83
03-06-2021 11:04,62,87
03-06-2021 11:03,62,86
03-06-2021 10:58,65,91
03-06-2021 10:54,0,0
03-06-2021 10:51,92,128
03-06-2021 10:43,90,126
03-06-2021 10:41,90,126
03-06-2021 10:35,96,134
03-06-2021 10:33,99,139
03-06-2021 10:30,102,144
03-06-2021 10:26,87,121
03-06-2021 10:25,86,120
03-06-2021 10:22,88,123
03-06-2021 10:18,90,125
03-06-2021 10:13,94,132
03-06-2021 10:09,0,0
03-06-2021 10:06,141,199
03-06-2021 10:03,138,196
03-06-2021 10:03,138,197
03-06-2021 09:58,135,192
03-06-2021 09:54,0,0
03-06-2021 09:51,214,304
03-06-2021 09:49,214,302
03-06-2021 09:45,220,310
03-06-2021 09:42,230,327
03-06-2021 09:41,249,355
03-06-2021 09:37,290,416
03-06-2021 09:34,285,410
03-06-2021 09:33,286,413
03-06-2021 09:29,294,423
03-06-2021 09:21,287,410
03-06-2021 09:13,317,455
03-06-2021 09:09,0,0
03-06-2021 09:06,276,389
03-06-2021 08:58,295,419
03-06-2021 08:54,0,0
03-06-2021 08:51,378,605
03-06-2021 08:43,604,994
03-06-2021 08:41,526,840
03-06-2021 08:34,892,1000
03-06-2021 08:33,877,1000
03-06-2021 08:29,674,1000
03-06-2021 08:29,675,1000
03-06-2021 08:26,639,1000
03-06-2021 08:25,638,1000
03-06-2021 08:21,613,986
03-06-2021 08:18,766,1000
03-06-2021 08:17,711,1000
03-06-2021 08:13,397,579
03-06-2021 08:09,0,0
03-06-2021 08:06,390,564
03-06-2021 08:03,387,560
03-06-2021 07:58,290,425
03-06-2021 07:53,0,0
03-06-2021 07:50,204,288
03-06-2021 07:48,205,294
03-06-2021 07:45,196,278
03-06-2021 07:42,190,271
03-06-2021 07:41,185,264
03-06-2021 07:37,187,265
03-06-2021 07:33,194,272
03-06-2021 07:32,192,272
03-06-2021 07:28,189,265
03-06-2021 07:20,182,255
03-06-2021 07:12,173,241
03-06-2021 07:08,0,0
03-06-2021 07:06,157,222
03-06-2021 07:02,158,222
03-06-2021 06:57,159,225
03-06-2021 06:53,0,0
03-06-2021 06:50,111,155
03-06-2021 06:42,111,155
03-06-2021 06:40,111,157
03-06-2021 06:34,112,158
03-06-2021 06:32,111,156
03-06-2021 06:29,108,152
03-06-2021 06:28,109,154
03-06-2021 06:25,109,153
03-06-2021 06:24,107,149
03-06-2021 06:20,104,146
03-06-2021 06:17,105,147
03-06-2021 06:17,105,146
03-06-2021 06:12,106,147
03-06-2021 06:08,0,0
03-06-2021 06:05,106,147
03-06-2021 05:57,107,150
03-06-2021 05:53,0,0
03-06-2021 05:08,0,0
03-06-2021 05:05,106,147
03-06-2021 05:02,107,151
03-06-2021 04:57,106,148
03-06-2021 04:53,0,0
03-06-2021 04:49,102,141
03-06-2021 04:41,98,139
03-06-2021 04:40,98,138
03-06-2021 04:33,98,136
03-06-2021 04:32,98,137
03-06-2021 04:28,98,137
03-06-2021 04:24,98,137
03-06-2021 04:24,98,136
03-06-2021 04:20,100,140
03-06-2021 04:17,99,138
03-06-2021 04:12,97,134
03-06-2021 04:07,0,0
03-06-2021 04:05,97,136
03-06-2021 04:01,97,134
03-06-2021 03:56,98,137
03-06-2021 03:52,0,0
03-06-2021 03:49,88,123
03-06-2021 03:47,88,122
03-06-2021 03:44,86,120
03-06-2021 03:41,89,123
03-06-2021 03:39,88,122
03-06-2021 03:36,89,123
03-06-2021 03:32,88,122
03-06-2021 03:31,88,122
03-06-2021 03:27,87,121
03-06-2021 03:19,87,121
03-06-2021 03:11,84,117
03-06-2021 03:07,0,0
03-06-2021 03:04,86,120
03-06-2021 03:01,84,117
03-06-2021 03:01,84,116
03-06-2021 02:56,84,117
03-06-2021 02:52,0,0
03-06-2021 02:49,97,134
03-06-2021 02:47,96,133
03-06-2021 02:43,96,133
03-06-2021 02:40,95,132
03-06-2021 02:39,97,134
03-06-2021 02:35,97,134
03-06-2021 02:32,97,134
03-06-2021 02:31,96,133
03-06-2021 02:27,93,130
03-06-2021 02:19,93,130
03-06-2021 02:11,87,121
03-06-2021 02:07,0,0
03-06-2021 02:04,86,120
03-06-2021 02:01,87,121
03-06-2021 01:56,87,121
03-06-2021 01:52,0,0
03-06-2021 01:49,84,116
03-06-2021 01:41,81,113
03-06-2021 01:39,80,111
03-06-2021 01:32,80,111
03-06-2021 01:31,80,111
03-06-2021 01:27,76,106
03-06-2021 01:27,77,107
03-06-2021 01:24,77,107
03-06-2021 01:23,76,106
03-06-2021 01:19,75,104
03-06-2021 01:16,75,104
03-06-2021 01:15,74,103
03-06-2021 01:11,74,103
03-06-2021 01:07,0,0
03-06-2021 01:04,66,92
03-06-2021 01:01,66,92
03-06-2021 00:56,66,91
03-06-2021 00:51,0,0
03-06-2021 00:48,68,95
03-06-2021 00:40,68,95
03-06-2021 00:38,67,94
03-06-2021 00:32,68,95
03-06-2021 00:30,68,95
03-06-2021 00:27,70,97
03-06-2021 00:23,70,97
03-06-2021 00:22,69,96
03-06-2021 00:19,70,97
03-06-2021 00:15,71,98
03-06-2021 00:10,70,97
03-06-2021 00:06,0,0
03-06-2021 00:03,75,104
03-05-2021 23:55,73,102
03-05-2021 23:51,0,0
03-05-2021 23:48,84,116
03-05-2021 23:40,86,120
03-05-2021 23:38,85,119
03-05-2021 23:32,86,120
03-05-2021 23:30,86,120
03-05-2021 23:26,87,121
03-05-2021 23:26,87,121
03-05-2021 23:23,88,122
03-05-2021 23:22,88,122
03-05-2021 23:18,87,121
03-05-2021 23:15,89,124
03-05-2021 23:15,89,123
03-05-2021 23:10,90,125
03-05-2021 23:06,0,0
03-05-2021 22:59,88,122
03-05-2021 22:55,88,122
03-05-2021 22:51,0,0
03-05-2021 22:48,93,129
03-05-2021 22:40,96,133
03-05-2021 22:38,95,132
03-05-2021 22:31,95,132
03-05-2021 22:30,93,130
03-05-2021 22:26,94,131
03-05-2021 22:26,95,132
03-05-2021 22:23,96,133
03-05-2021 22:22,96,133
03-05-2021 22:18,95,132
03-05-2021 22:15,93,130
03-05-2021 22:14,93,129
03-05-2021 22:10,92,128
03-05-2021 22:06,0,0
03-05-2021 22:03,86,120
03-05-2021 22:00,84,117
03-05-2021 21:55,87,121
03-05-2021 21:51,0,0
03-05-2021 21:47,88,122
03-05-2021 21:46,86,120
03-05-2021 21:42,86,120
03-05-2021 21:41,85,119
03-05-2021 21:39,85,119
03-05-2021 21:38,84,117
03-05-2021 21:31,87,121
03-05-2021 21:30,87,121
03-05-2021 21:22,84,117
03-05-2021 21:22,83,115
03-05-2021 21:18,81,113
03-05-2021 21:14,80,112
03-05-2021 21:09,78,108
03-05-2021 21:05,0,0
03-05-2021 21:02,90,125
03-05-2021 20:54,93,129
03-05-2021 20:50,0,0
03-05-2021 20:47,66,91
03-05-2021 20:39,68,95
03-05-2021 20:37,68,95
03-05-2021 20:31,66,91
03-05-2021 20:29,65,90
03-05-2021 20:25,64,89
03-05-2021 20:22,63,88
03-05-2021 20:21,62,87
03-05-2021 20:17,63,88
03-05-2021 20:14,61,85
03-05-2021 20:09,61,85
03-05-2021 20:05,0,0
03-05-2021 20:02,68,95
03-05-2021 19:59,69,96
03-05-2021 19:54,66,93
03-05-2021 19:50,0,0
03-05-2021 19:47,101,142
03-05-2021 19:45,101,142
03-05-2021 19:41,101,145
03-05-2021 19:38,103,149
03-05-2021 19:37,101,144
03-05-2021 19:33,105,148
03-05-2021 19:30,107,150
03-05-2021 19:29,108,153
03-05-2021 19:25,102,144
03-05-2021 19:17,99,138
03-05-2021 19:09,98,137
03-05-2021 19:05,0,0
03-05-2021 19:02,81,113
03-05-2021 18:59,88,123
