To Date,PM2.5,PM10,NO2
01-03-2021 00:15,112.6,361.28,28.47
01-03-2021 00:30,115.32,364.39,28.48
01-03-2021 00:45,115.32,364.39,28.5
01-03-2021 01:00,115.32,364.39,28.5
01-03-2021 01:15,121.87,384.63,28.51
01-03-2021 01:30,127.86,403.14,28.52
01-03-2021 01:45,127.86,403.14,28.51
01-03-2021 02:00,127.86,403.14,28.49
01-03-2021 02:15,128.54,395.2,28.46
01-03-2021 02:30,129.19,386.12,28.43
01-03-2021 02:45,129.19,386.12,28.45
01-03-2021 03:00,129.19,386.12,28.46
01-03-2021 03:15,126.76,378.13,28.47
01-03-2021 03:30,124.53,368.99,28.51
01-03-2021 03:45,124.53,368.99,28.49
01-03-2021 04:00,124.53,368.99,28.48
01-03-2021 04:15,121.95,366.32,28.45
01-03-2021 04:30,119.59,363.26,28.48
01-03-2021 04:45,119.59,363.26,28.46
01-03-2021 05:00,119.59,363.26,28.47
01-03-2021 05:15,120.57,369.17,28.47
01-03-2021 05:30,121.48,375.92,28.48
01-03-2021 05:45,121.48,375.92,28.47
01-03-2021 06:00,121.48,375.92,28.48
01-03-2021 06:15,125.83,385.88,28.47
01-03-2021 06:30,129.99,397.27,28.47
01-03-2021 06:45,129.99,397.27,28.46
01-03-2021 07:00,129.99,397.27,28.51
01-03-2021 07:15,134.93,441.17,28.49
01-03-2021 07:30,139.33,491.34,28.48
01-03-2021 07:45,139.33,491.34,28.5
01-03-2021 08:00,139.33,491.34,28.5
01-03-2021 08:15,148.38,521.11,28.48
01-03-2021 08:30,156.66,555.13,28.49
01-03-2021 08:45,156.66,555.13,28.46
01-03-2021 09:00,156.66,555.13,28.47
01-03-2021 09:15,169.78,584.66,28.49
01-03-2021 09:30,181.79,614.2,28.55
01-03-2021 09:45,181.79,614.2,28.52
01-03-2021 10:00,181.79,575,28.48
01-03-2021 10:15,178.78,471.99,28.49
01-03-2021 10:30,175.82,440.48,28.48
01-03-2021 10:45,None,None,28.46
01-03-2021 11:00,None,None,28.45
01-03-2021 11:15,None,None,28.43
01-03-2021 11:30,None,None,28.47
01-03-2021 11:45,None,None,28.49
01-03-2021 12:00,82.68,121.85,28.48
01-03-2021 12:15,206.7,274.16,28.48
01-03-2021 12:30,206.7,274.16,28.45
01-03-2021 12:45,206.7,274.16,28.4
01-03-2021 13:00,195.32,288.64,28.47
01-03-2021 13:15,178.24,306.74,28.47
01-03-2021 13:30,178.24,306.74,28.44
01-03-2021 13:45,178.24,306.74,28.46
01-03-2021 14:00,177.74,336.38,28.46
01-03-2021 14:15,176.99,373.42,28.46
01-03-2021 14:30,176.99,373.42,28.48
01-03-2021 14:45,176.99,373.42,28.46
01-03-2021 15:00,172.22,348.73,28.45
01-03-2021 15:15,163.73,316.77,28.44
01-03-2021 15:30,163.73,316.77,28.44
01-03-2021 15:45,163.73,316.77,28.44
01-03-2021 16:00,148.96,279.59,28.49
01-03-2021 16:15,126.79,235.15,28.44
01-03-2021 16:30,126.79,235.15,28.46
01-03-2021 16:45,126.79,235.15,28.43
01-03-2021 17:00,122.13,222.16,28.41
01-03-2021 17:15,114.94,206.64,28.48
01-03-2021 17:30,114.94,206.64,28.47
01-03-2021 17:45,114.94,206.64,28.45
01-03-2021 18:00,112.63,202.04,28.42
01-03-2021 18:15,109.15,196.54,28.43
01-03-2021 18:30,109.15,196.54,28.48
01-03-2021 18:45,109.15,196.54,28.49
01-03-2021 19:00,106.81,198.83,28.48
01-03-2021 19:15,103.29,201.56,28.45
01-03-2021 19:30,103.29,201.56,28.47
01-03-2021 19:45,103.29,201.56,28.48
01-03-2021 20:00,103.07,218.18,28.46
01-03-2021 20:15,102.75,238.05,28.45
01-03-2021 20:30,102.75,238.05,28.46
01-03-2021 20:45,102.75,238.05,28.49
01-03-2021 21:00,104.34,234.88,28.48
01-03-2021 21:15,106.72,231.1,28.45
01-03-2021 21:30,106.72,231.1,28.44
01-03-2021 21:45,106.72,231.1,28.44
01-03-2021 22:00,106.31,226.92,28.52
01-03-2021 22:15,105.71,221.92,28.51
01-03-2021 22:30,105.71,221.92,28.47
01-03-2021 22:45,105.71,221.92,28.5
01-03-2021 23:00,107.08,220.57,28.5
01-03-2021 23:15,109.15,218.96,28.5
01-03-2021 23:30,109.15,218.96,28.43
01-03-2021 23:45,109.15,218.96,28.44
02-03-2021 00:00,None,None,None
02-03-2021 00:15,119.52,259.49,28.48
02-03-2021 00:30,119.52,259.49,28.48
02-03-2021 00:45,119.52,259.49,28.49
02-03-2021 01:00,120.01,267.31,28.49
02-03-2021 01:15,120.75,276.65,28.51
02-03-2021 01:30,120.75,276.65,28.47
02-03-2021 01:45,120.75,276.65,28.48
02-03-2021 02:00,124.84,288.3,28.5
02-03-2021 02:15,130.98,302.23,28.51
02-03-2021 02:30,130.98,302.23,28.53
02-03-2021 02:45,130.98,302.23,28.48
02-03-2021 03:00,135.22,328.14,28.46
02-03-2021 03:15,141.57,359.11,28.48
02-03-2021 03:30,141.57,359.11,28.47
02-03-2021 03:45,141.57,359.11,28.46
02-03-2021 04:00,146.94,364.23,28.48
02-03-2021 04:15,154.98,370.35,28.5
02-03-2021 04:30,154.98,370.35,28.47
02-03-2021 04:45,154.98,370.35,28.53
02-03-2021 05:00,155.79,351.3,28.47
02-03-2021 05:15,156.99,328.54,28.48
02-03-2021 05:30,156.99,328.54,28.48
02-03-2021 05:45,156.99,328.54,28.43
02-03-2021 06:00,156.16,345.65,28.46
02-03-2021 06:15,154.91,366.1,28.48
02-03-2021 06:30,154.91,366.1,28.49
02-03-2021 06:45,154.91,366.1,28.48
02-03-2021 07:00,155.95,370.87,28.51
02-03-2021 07:15,157.51,376.57,28.48
02-03-2021 07:30,157.51,376.57,28.47
02-03-2021 07:45,157.51,376.57,28.46
02-03-2021 08:00,165.54,422.13,28.49
02-03-2021 08:15,177.58,476.57,28.47
02-03-2021 08:30,177.58,476.57,28.51
02-03-2021 08:45,177.58,476.57,28.5
02-03-2021 09:00,191.42,509.67,28.45
02-03-2021 09:15,212.18,549.22,28.48
02-03-2021 09:30,212.18,549.22,28.48
02-03-2021 09:45,212.18,549.22,28.46
02-03-2021 10:00,207.88,500.97,28.48
02-03-2021 10:15,201.42,443.3,28.48
02-03-2021 10:30,201.42,443.3,28.52
02-03-2021 10:45,201.42,443.3,28.5
02-03-2021 11:00,189.53,399.95,28.48
02-03-2021 11:15,171.69,348.15,28.47
02-03-2021 11:30,171.69,348.15,28.42
02-03-2021 11:45,171.69,348.15,28.47
02-03-2021 12:00,175.58,348.86,28.45
02-03-2021 12:15,181.41,349.7,28.5
02-03-2021 12:30,181.41,349.7,28.44
02-03-2021 12:45,181.41,349.7,28.46
02-03-2021 13:00,172.56,323.69,28.49
02-03-2021 13:15,159.27,292.61,28.48
02-03-2021 13:30,159.27,292.61,28.51
02-03-2021 13:45,159.27,292.61,28.47
02-03-2021 14:00,153.55,285.06,28.47
02-03-2021 14:15,144.97,276.04,28.48
02-03-2021 14:30,144.97,276.04,28.48
02-03-2021 14:45,144.97,276.04,28.46
02-03-2021 15:00,134.92,270.52,28.45
02-03-2021 15:15,119.84,263.92,28.44
02-03-2021 15:30,119.84,263.92,28.45
02-03-2021 15:45,119.84,263.92,28.48
02-03-2021 16:00,117.61,257.67,28.47
02-03-2021 16:15,114.27,250.21,28.47
02-03-2021 16:30,114.27,250.21,28.45
02-03-2021 16:45,114.27,250.21,28.49
02-03-2021 17:00,109.06,224.22,28.47
02-03-2021 17:15,100.6,177.45,28.44
02-03-2021 17:30,100.6,177.45,28.48
02-03-2021 17:45,100.6,177.45,28.48
02-03-2021 18:00,101.6,182.76,28.48
02-03-2021 18:15,102.92,188.91,28.48
02-03-2021 18:30,102.92,188.91,28.44
02-03-2021 18:45,102.92,188.91,28.5
02-03-2021 19:00,102.96,208.6,28.47
02-03-2021 19:15,103.03,235.54,28.47
02-03-2021 19:30,103.03,235.54,28.5
02-03-2021 19:45,103.03,235.54,28.45
02-03-2021 20:00,103.05,248.32,28.46
02-03-2021 20:15,103.08,265.81,28.43
02-03-2021 20:30,103.08,265.81,28.45
02-03-2021 20:45,103.08,265.81,28.48
02-03-2021 21:00,101.17,262.39,28.52
02-03-2021 21:15,98.29,257.71,28.52
02-03-2021 21:30,98.29,257.71,28.5
02-03-2021 21:45,98.29,257.71,28.47
02-03-2021 22:00,95.98,233.88,28.47
02-03-2021 22:15,92.5,201.27,28.47
02-03-2021 22:30,92.5,201.27,28.45
02-03-2021 22:45,92.5,201.27,28.48
02-03-2021 23:00,91.85,190.25,28.48
02-03-2021 23:15,90.88,175.18,28.46
02-03-2021 23:30,90.88,175.18,28.49
02-03-2021 23:45,90.88,175.18,28.46
03-03-2021 00:00,None,None,None
03-03-2021 00:15,92.75,181.25,28.48
03-03-2021 00:30,92.75,181.25,28.49
03-03-2021 00:45,92.75,181.25,28.49
03-03-2021 01:00,89.01,174.35,28.47
03-03-2021 01:15,83.4,164.91,28.49
03-03-2021 01:30,83.4,164.91,28.48
03-03-2021 01:45,83.4,164.91,28.52
03-03-2021 02:00,81.32,172.68,28.49
03-03-2021 02:15,78.22,181.96,28.47
03-03-2021 02:30,78.22,181.96,28.48
03-03-2021 02:45,78.22,181.96,28.48
03-03-2021 03:00,75.89,187.01,28.47
03-03-2021 03:15,72.85,193.04,28.46
03-03-2021 03:30,72.85,193.04,28.47
03-03-2021 03:45,72.85,193.04,28.44
03-03-2021 04:00,71.17,183.28,28.5
03-03-2021 04:15,68.66,171.61,28.5
03-03-2021 04:30,68.66,171.61,28.49
03-03-2021 04:45,68.66,171.61,28.53
03-03-2021 05:00,69.88,156.96,28.52
03-03-2021 05:15,71.7,139.46,28.47
03-03-2021 05:30,71.7,139.46,28.48
03-03-2021 05:45,71.7,139.46,28.48
03-03-2021 06:00,69.49,146.72,28.5
03-03-2021 06:15,66.16,155.4,28.46
03-03-2021 06:30,66.16,155.4,28.5
03-03-2021 06:45,66.16,155.4,28.49
03-03-2021 07:00,66.68,164.88,28.4
03-03-2021 07:15,67.47,176.21,28.46
03-03-2021 07:30,67.47,176.21,28.48
03-03-2021 07:45,67.47,176.21,28.5
03-03-2021 08:00,69.93,208.44,28.48
03-03-2021 08:15,73.63,246.95,28.49
03-03-2021 08:30,73.63,246.95,28.52
03-03-2021 08:45,73.63,246.95,28.53
03-03-2021 09:00,75.6,235.04,28.48
03-03-2021 09:15,78.56,220.8,28.48
03-03-2021 09:30,78.56,220.8,28.47
03-03-2021 09:45,78.56,220.8,28.51
03-03-2021 10:00,78.97,202.73,28.51
03-03-2021 10:15,79.59,181.14,28.5
03-03-2021 10:30,79.59,181.14,28.5
03-03-2021 10:45,None,None,28.53
03-03-2021 11:00,None,None,28.54
03-03-2021 11:15,None,None,28.49
03-03-2021 11:30,None,None,28.48
03-03-2021 11:45,None,None,28.47
03-03-2021 12:00,None,None,28.5
03-03-2021 12:15,None,None,28.46
03-03-2021 12:30,None,None,28.5
03-03-2021 12:45,None,None,28.46
03-03-2021 13:00,None,None,28.47
03-03-2021 13:15,117.81,155.39,28.45
03-03-2021 13:30,105.31,158.92,28.49
03-03-2021 13:45,105.31,158.92,28.53
03-03-2021 14:00,105.31,158.92,28.54
03-03-2021 14:15,103.03,161.81,28.54
03-03-2021 14:30,96.37,170.24,28.51
03-03-2021 14:45,96.37,170.24,28.49
03-03-2021 15:00,96.37,170.24,28.58
03-03-2021 15:15,94.07,167.32,28.53
03-03-2021 15:30,87.37,158.83,28.51
03-03-2021 15:45,87.37,158.83,28.5
03-03-2021 16:00,87.37,158.83,28.49
03-03-2021 16:15,86.37,154.88,28.47
03-03-2021 16:30,83.47,143.39,28.5
03-03-2021 16:45,83.47,143.39,28.49
03-03-2021 17:00,83.47,143.39,28.51
03-03-2021 17:15,80.26,148.66,28.49
03-03-2021 17:30,70.93,164.02,28.46
03-03-2021 17:45,70.93,164.02,28.47
03-03-2021 18:00,70.93,164.02,28.47
03-03-2021 18:15,73.02,180.74,28.51
03-03-2021 18:30,79.09,229.46,28.5
03-03-2021 18:45,79.09,229.46,28.54
03-03-2021 19:00,79.09,229.46,28.55
03-03-2021 19:15,80.36,238.7,28.51
03-03-2021 19:30,84.06,265.61,28.48
03-03-2021 19:45,84.06,265.61,28.48
03-03-2021 20:00,84.06,265.61,28.46
03-03-2021 20:15,86.49,265.51,28.48
03-03-2021 20:30,93.58,265.23,28.51
03-03-2021 20:45,93.58,265.23,28.51
03-03-2021 21:00,93.58,265.23,28.52
03-03-2021 21:15,95.61,276.76,28.53
03-03-2021 21:30,101.5,310.36,28.51
03-03-2021 21:45,101.5,310.36,28.5
03-03-2021 22:00,101.5,310.36,28.49
03-03-2021 22:15,105.39,308.19,28.51
03-03-2021 22:30,116.74,301.87,28.46
03-03-2021 22:45,116.74,301.87,28.49
03-03-2021 23:00,116.74,301.87,28.55
03-03-2021 23:15,111.15,281.24,28.53
03-03-2021 23:30,94.87,221.16,28.51
03-03-2021 23:45,94.87,221.16,28.47
04-03-2021 00:00,None,None,None
04-03-2021 00:15,93.25,226.09,28.46
04-03-2021 00:30,88.52,240.44,28.49
04-03-2021 00:45,88.52,240.44,28.5
04-03-2021 01:00,88.52,240.44,28.52
04-03-2021 01:15,87.86,236.56,28.51
04-03-2021 01:30,85.91,225.24,28.49
04-03-2021 01:45,85.91,225.24,28.46
04-03-2021 02:00,85.91,225.24,28.43
04-03-2021 02:15,86.2,227.52,28.47
04-03-2021 02:30,87.05,234.17,28.49
04-03-2021 02:45,87.05,234.17,28.47
04-03-2021 03:00,87.05,234.17,28.52
04-03-2021 03:15,83.55,231.29,28.53
04-03-2021 03:30,73.37,222.88,28.5
04-03-2021 03:45,73.37,222.88,28.51
04-03-2021 04:00,73.37,222.88,28.45
04-03-2021 04:15,75.47,220.61,28.44
04-03-2021 04:30,81.6,214.01,28.48
04-03-2021 04:45,81.6,214.01,28.46
04-03-2021 05:00,81.6,214.01,28.42
04-03-2021 05:15,81.31,217.32,28.5
04-03-2021 05:30,80.46,226.96,28.52
04-03-2021 05:45,80.46,226.96,28.5
04-03-2021 06:00,80.46,226.96,28.47
04-03-2021 06:15,86.43,247,28.49
04-03-2021 06:30,103.81,305.37,28.5
04-03-2021 06:45,103.81,305.37,28.48
04-03-2021 07:00,103.81,305.37,28.51
04-03-2021 07:15,111.18,323.16,28.5
04-03-2021 07:30,132.65,374.99,28.48
04-03-2021 07:45,132.65,374.99,28.46
04-03-2021 08:00,132.65,374.99,28.45
04-03-2021 08:15,134.5,383.08,28.47
04-03-2021 08:30,139.88,406.63,28.49
04-03-2021 08:45,139.88,406.63,28.48
04-03-2021 09:00,139.88,406.63,28.49
04-03-2021 09:15,143.29,410.23,28.5
04-03-2021 09:30,153.23,420.72,28.46
04-03-2021 09:45,153.23,420.72,28.46
04-03-2021 10:00,153.23,420.72,28.46
04-03-2021 10:15,144.79,386.87,28.46
04-03-2021 10:30,120.19,288.26,28.44
04-03-2021 10:45,120.19,288.26,28.44
04-03-2021 11:00,120.19,288.26,28.45
04-03-2021 11:15,116.85,268.66,28.48
04-03-2021 11:30,107.14,211.55,28.49
04-03-2021 11:45,107.14,211.55,28.5
04-03-2021 12:00,107.14,211.55,28.49
04-03-2021 12:15,104.5,196.47,28.5
04-03-2021 12:30,96.8,152.53,28.49
04-03-2021 12:45,96.8,152.53,28.5
04-03-2021 13:00,96.8,152.53,28.48
04-03-2021 13:15,94.93,151.43,28.46
04-03-2021 13:30,89.5,148.22,28.48
04-03-2021 13:45,89.5,148.22,28.52
04-03-2021 14:00,89.5,148.22,28.49
04-03-2021 14:15,86.85,144.21,28.49
04-03-2021 14:30,79.14,132.54,28.48
04-03-2021 14:45,79.14,132.54,28.52
04-03-2021 15:00,79.14,132.54,28.51
04-03-2021 15:15,79.74,133.11,28.47
04-03-2021 15:30,81.5,134.76,28.47
04-03-2021 15:45,81.5,134.76,28.5
04-03-2021 16:00,81.5,134.76,28.44
04-03-2021 16:15,80.11,133.04,28.48
04-03-2021 16:30,76.07,128.04,28.46
04-03-2021 16:45,76.07,128.04,28.47
04-03-2021 17:00,76.07,128.04,28.46
04-03-2021 17:15,77.79,132.22,28.45
04-03-2021 17:30,82.79,144.38,28.4
04-03-2021 17:45,82.79,144.38,28.47
04-03-2021 18:00,82.79,144.38,28.49
04-03-2021 18:15,88.42,172.73,28.49
04-03-2021 18:30,104.83,255.3,28.48
04-03-2021 18:45,104.83,255.3,28.47
04-03-2021 19:00,104.83,255.3,28.47
04-03-2021 19:15,106.78,261.9,28.47
04-03-2021 19:30,112.8,281.12,28.48
04-03-2021 19:45,112.8,281.12,28.5
04-03-2021 20:00,112.8,281.12,28.5
04-03-2021 20:15,116.76,304.13,28.5
04-03-2021 20:30,128.31,371.16,28.51
04-03-2021 20:45,128.31,371.16,28.51
04-03-2021 21:00,128.31,371.16,28.48
04-03-2021 21:15,127.6,366.52,28.48
04-03-2021 21:30,125.52,352.99,28.55
04-03-2021 21:45,125.52,352.99,28.5
04-03-2021 22:00,125.52,352.99,28.5
04-03-2021 22:15,121.73,334.76,28.53
04-03-2021 22:30,110.71,281.67,28.49
04-03-2021 22:45,110.71,281.67,28.52
04-03-2021 23:00,110.71,281.67,28.48
04-03-2021 23:15,110.54,274.95,28.48
04-03-2021 23:30,110.06,255.38,28.47
04-03-2021 23:45,110.06,255.38,28.5
05-03-2021 00:00,None,None,None
05-03-2021 00:15,110.99,264.49,28.49
05-03-2021 00:30,113.7,291.03,28.52
05-03-2021 00:45,113.7,291.03,28.51
05-03-2021 01:00,113.7,291.03,28.49
05-03-2021 01:15,113.91,284.64,28.44
05-03-2021 01:30,114.55,266.01,28.45
05-03-2021 01:45,114.55,266.01,28.44
05-03-2021 02:00,114.55,266.01,28.47
05-03-2021 02:15,114.63,268.8,28.51
05-03-2021 02:30,114.89,276.93,28.5
05-03-2021 02:45,114.89,276.93,28.49
05-03-2021 03:00,114.89,276.93,28.51
05-03-2021 03:15,114.28,273.83,28.53
05-03-2021 03:30,112.53,264.81,28.53
05-03-2021 03:45,112.53,264.81,28.5
05-03-2021 04:00,112.53,264.81,28.48
05-03-2021 04:15,112.69,270.9,28.48
05-03-2021 04:30,113.2,288.65,28.5
05-03-2021 04:45,113.2,288.65,28.53
05-03-2021 05:00,113.2,288.65,28.49
05-03-2021 05:15,116.82,292.29,28.49
05-03-2021 05:30,127.36,302.91,28.5
05-03-2021 05:45,127.36,302.91,28.46
05-03-2021 06:00,127.36,302.91,28.46
05-03-2021 06:15,132.96,334.08,28.48
05-03-2021 06:30,149.28,424.88,28.52
05-03-2021 06:45,149.28,424.88,28.51
05-03-2021 07:00,149.28,424.88,28.53
05-03-2021 07:15,148.3,426.3,28.54
05-03-2021 07:30,145.26,430.45,28.49
05-03-2021 07:45,145.26,430.45,28.46
05-03-2021 08:00,145.26,430.45,28.49
05-03-2021 08:15,153.63,435.86,28.44
05-03-2021 08:30,178.01,451.62,28.47
05-03-2021 08:45,178.01,451.62,28.47
05-03-2021 09:00,178.01,451.62,28.51
05-03-2021 09:15,178.19,447.12,28.5
05-03-2021 09:30,178.71,434.01,28.51
05-03-2021 09:45,178.71,434.01,28.51
05-03-2021 10:00,178.71,434.01,28.48
05-03-2021 10:15,174.43,401.26,28.48
05-03-2021 10:30,161.99,305.86,28.5
05-03-2021 10:45,161.99,305.86,28.5
05-03-2021 11:00,None,None,28.48
05-03-2021 11:15,None,None,28.47
05-03-2021 11:30,None,None,28.47
05-03-2021 11:45,None,None,28.47
05-03-2021 12:00,None,None,28.52
05-03-2021 12:15,None,None,28.46
05-03-2021 12:30,None,None,28.46
05-03-2021 12:45,None,None,28.48
05-03-2021 13:00,150.45,168.18,28.5
05-03-2021 13:15,150.45,168.18,28.48
05-03-2021 13:30,150.45,168.18,28.48
05-03-2021 13:45,150.45,153.2,28.5
05-03-2021 14:00,121.51,150.67,28.47
05-03-2021 14:15,119.44,150.67,28.45
05-03-2021 14:30,119.44,150.67,28.47
05-03-2021 14:45,119.44,142.7,28.43
05-03-2021 15:00,116.09,141.36,28.46
05-03-2021 15:15,115.85,141.36,28.47
05-03-2021 15:30,115.85,141.36,28.48
05-03-2021 15:45,115.85,169.05,28.43
05-03-2021 16:00,116.54,173.72,28.46
05-03-2021 16:15,116.58,173.72,28.48
05-03-2021 16:30,116.58,173.72,28.48
05-03-2021 16:45,116.58,175.19,28.48
05-03-2021 17:00,104.24,175.44,28.46
05-03-2021 17:15,103.36,175.44,28.43
05-03-2021 17:30,103.36,175.44,28.49
05-03-2021 17:45,103.36,174.62,28.47
05-03-2021 18:00,102.54,174.48,28.46
05-03-2021 18:15,102.48,174.48,28.49
05-03-2021 18:30,102.48,174.48,28.5
05-03-2021 18:45,102.48,205.46,28.5
05-03-2021 19:00,106.22,210.69,28.48
05-03-2021 19:15,106.49,210.69,28.47
05-03-2021 19:30,106.49,210.69,28.47
05-03-2021 19:45,106.49,228.76,28.48
05-03-2021 20:00,98.27,231.81,28.49
05-03-2021 20:15,97.68,231.81,28.47
05-03-2021 20:30,97.68,231.81,28.43
05-03-2021 20:45,97.68,214.01,28.48
05-03-2021 21:00,94.68,211,28.46
05-03-2021 21:15,94.46,211,28.47
05-03-2021 21:30,94.46,211,28.48
05-03-2021 21:45,94.46,237.92,28.5
05-03-2021 22:00,89.83,242.47,28.53
05-03-2021 22:15,89.5,242.47,28.52
05-03-2021 22:30,89.5,242.47,28.53
05-03-2021 22:45,89.5,216.72,28.49
05-03-2021 23:00,91.02,212.37,28.48
05-03-2021 23:15,91.13,212.37,28.48
05-03-2021 23:30,91.13,212.37,28.45
05-03-2021 23:45,91.13,192.5,28.49
06-03-2021 00:00,None,None,None
06-03-2021 00:15,88.07,189.14,28.46
06-03-2021 00:30,88.07,189.14,28.42
06-03-2021 00:45,88.07,170.73,28.41
06-03-2021 01:00,79.57,167.62,28.46
06-03-2021 01:15,78.96,167.62,28.49
06-03-2021 01:30,78.96,167.62,28.46
06-03-2021 01:45,78.96,156.14,28.5
06-03-2021 02:00,75.7,154.2,28.45
06-03-2021 02:15,75.47,154.2,28.47
06-03-2021 02:30,75.47,154.2,28.53
06-03-2021 02:45,75.47,156.03,28.51
06-03-2021 03:00,82.59,156.34,28.48
06-03-2021 03:15,83.09,156.34,28.44
06-03-2021 03:30,83.09,156.34,28.45
06-03-2021 03:45,83.09,181.75,28.43
06-03-2021 04:00,83.48,186.04,28.45
06-03-2021 04:15,83.51,186.04,28.47
06-03-2021 04:30,83.51,186.04,28.49
06-03-2021 04:45,83.51,186.07,28.51
06-03-2021 05:00,83.07,186.08,28.47
06-03-2021 05:15,83.04,186.08,28.44
06-03-2021 05:30,83.04,186.08,28.49
06-03-2021 05:45,83.04,199.62,28.46
06-03-2021 06:00,86.28,201.9,28.46
06-03-2021 06:15,86.51,201.9,28.46
06-03-2021 06:30,86.51,201.9,28.48
06-03-2021 06:45,86.51,225.82,28.48
06-03-2021 07:00,99.34,229.86,28.52
06-03-2021 07:15,100.26,229.86,28.53
06-03-2021 07:30,100.26,229.86,28.48
06-03-2021 07:45,100.26,339.34,28.47
06-03-2021 08:00,127.73,357.82,28.49
06-03-2021 08:15,129.69,357.82,28.51
06-03-2021 08:30,129.69,357.82,28.52
06-03-2021 08:45,129.69,447.6,28.55
06-03-2021 09:00,162.5,462.76,28.48
06-03-2021 09:15,164.84,462.76,28.48
06-03-2021 09:30,164.84,462.76,28.47
06-03-2021 09:45,164.84,452.24,28.51
06-03-2021 10:00,177.98,450.46,28.48
06-03-2021 10:15,177.98,450.46,28.47
06-03-2021 10:30,177.98,450.46,28.5
06-03-2021 10:45,177.98,346.5,28.51
06-03-2021 11:00,146.34,328.95,28.48
06-03-2021 11:15,146.34,328.95,28.49
06-03-2021 11:30,146.34,328.95,28.44
06-03-2021 11:45,146.34,262.2,28.44
06-03-2021 12:00,122.71,250.93,28.46
06-03-2021 12:15,121.02,250.93,28.47
06-03-2021 12:30,121.02,250.93,28.48
06-03-2021 12:45,121.02,188.67,28.5
06-03-2021 13:00,103.62,178.16,28.5
06-03-2021 13:15,102.38,178.16,28.45
06-03-2021 13:30,102.38,178.16,28.46
06-03-2021 13:45,102.38,181.27,28.44
06-03-2021 14:00,117.69,181.8,28.47
06-03-2021 14:15,118.78,181.8,28.5
06-03-2021 14:30,118.78,181.8,28.49
06-03-2021 14:45,118.78,186.15,28.5
06-03-2021 15:00,108.92,186.88,28.51
06-03-2021 15:15,108.21,186.88,28.5
06-03-2021 15:30,108.21,186.88,28.47
06-03-2021 15:45,108.21,213.29,28.44
06-03-2021 16:00,117.72,217.75,28.45
06-03-2021 16:15,118.39,217.75,28.47
06-03-2021 16:30,118.39,217.75,28.5
06-03-2021 16:45,118.39,201.59,28.47
06-03-2021 17:00,109.57,198.86,28.49
06-03-2021 17:15,108.94,198.86,28.48
06-03-2021 17:30,108.94,198.86,28.51
06-03-2021 17:45,108.94,164.74,28.51
06-03-2021 18:00,104.8,158.98,28.46
06-03-2021 18:15,104.51,158.98,28.48
06-03-2021 18:30,104.51,158.98,28.49
06-03-2021 18:45,104.51,191.33,28.5
06-03-2021 19:00,108.09,196.79,28.52
06-03-2021 19:15,108.34,196.79,28.49
06-03-2021 19:30,108.34,196.79,28.49
06-03-2021 19:45,108.34,207.77,28.47
06-03-2021 20:00,103.51,209.62,28.53
06-03-2021 20:15,103.17,209.62,28.5
06-03-2021 20:30,103.17,209.62,28.48
06-03-2021 20:45,103.17,182.43,28.52
06-03-2021 21:00,84.54,177.84,28.51
06-03-2021 21:15,83.2,177.84,28.52
06-03-2021 21:30,83.2,177.84,28.48
06-03-2021 21:45,83.2,166.67,28.48
06-03-2021 22:00,82.92,164.78,28.47
06-03-2021 22:15,82.9,164.78,28.49
06-03-2021 22:30,82.9,164.78,28.47
06-03-2021 22:45,82.9,163.31,28.49
06-03-2021 23:00,87.6,163.06,28.48
06-03-2021 23:15,87.94,163.06,28.5
06-03-2021 23:30,87.94,163.06,28.5
06-03-2021 23:45,87.94,157.84,28.51
07-03-2021 00:00,None,None,None
07-03-2021 00:15,86.36,156.96,28.48
07-03-2021 00:30,86.36,156.96,28.5
07-03-2021 00:45,86.36,175.23,28.48
07-03-2021 01:00,91.8,178.31,28.51
07-03-2021 01:15,91.8,178.31,28.54
07-03-2021 01:30,91.8,178.31,28.52
07-03-2021 01:45,91.8,197.75,28.48
07-03-2021 02:00,91.36,201.03,28.46
07-03-2021 02:15,91.33,201.03,28.48
07-03-2021 02:30,91.33,201.03,28.46
07-03-2021 02:45,91.33,232.91,28.49
07-03-2021 03:00,84.07,238.29,28.5
07-03-2021 03:15,83.54,238.29,28.5
07-03-2021 03:30,83.54,238.29,28.53
07-03-2021 03:45,83.54,225.31,28.51
07-03-2021 04:00,91.78,222.71,28.49
07-03-2021 04:15,92.42,222.71,28.45
07-03-2021 04:30,92.42,222.71,28.48
07-03-2021 04:45,92.42,243.73,28.48
07-03-2021 05:00,99.54,248.27,28.52
07-03-2021 05:15,100.05,248.27,28.52
07-03-2021 05:30,100.05,248.27,28.51
07-03-2021 05:45,100.05,282.7,28.48
07-03-2021 06:00,96.7,289.58,28.48
07-03-2021 06:15,96.46,289.58,28.52
07-03-2021 06:30,96.46,289.58,28.49
07-03-2021 06:45,96.46,313.21,28.51
07-03-2021 07:00,112.66,317.94,28.51
07-03-2021 07:15,113.81,317.94,28.5
07-03-2021 07:30,113.81,317.94,28.5
07-03-2021 07:45,113.81,406.62,28.48
07-03-2021 08:00,138.88,427.27,28.45
07-03-2021 08:15,140.67,427.27,28.49
07-03-2021 08:30,140.67,427.27,28.48
07-03-2021 08:45,140.67,450.73,28.47
07-03-2021 09:00,161.2,455.8,28.5
07-03-2021 09:15,162.66,455.8,28.5
07-03-2021 09:30,162.66,455.8,28.52
07-03-2021 09:45,162.66,434.97,28.56
07-03-2021 10:00,154.08,431.45,28.56
07-03-2021 10:15,153.47,431.45,28.56
07-03-2021 10:30,153.47,431.45,28.5
07-03-2021 10:45,153.47,325.94,28.48
07-03-2021 11:00,137.63,308.13,28.49
07-03-2021 11:15,136.5,308.13,28.53
07-03-2021 11:30,136.5,308.13,28.52
07-03-2021 11:45,136.5,233.92,28.49
07-03-2021 12:00,114.14,221.39,28.49
07-03-2021 12:15,112.54,221.39,28.47
07-03-2021 12:30,112.54,221.39,28.53
07-03-2021 12:45,112.54,215.53,28.51
07-03-2021 13:00,108.06,214.54,28.48
07-03-2021 13:15,107.74,214.54,28.45
07-03-2021 13:30,107.74,214.54,28.47
07-03-2021 13:45,107.74,182.76,28.53
07-03-2021 14:00,90.95,177.39,28.55
07-03-2021 14:15,89.75,177.39,28.55
07-03-2021 14:30,89.75,177.39,28.51
07-03-2021 14:45,89.75,144.96,28.51
07-03-2021 15:00,83.33,139.49,28.48
07-03-2021 15:15,82.87,139.49,28.5
07-03-2021 15:30,82.87,139.49,28.49
07-03-2021 15:45,82.87,166.47,28.52
07-03-2021 16:00,81.42,171.02,28.49
07-03-2021 16:15,81.32,171.02,28.48
07-03-2021 16:30,81.32,171.02,28.51
07-03-2021 16:45,81.32,136.81,28.49
07-03-2021 17:00,73.34,131.03,28.52
07-03-2021 17:15,73.15,131.03,28.48
07-03-2021 17:30,73.15,131.03,28.5
07-03-2021 17:45,73.15,176.12,28.52
07-03-2021 18:00,83.12,183.73,28.5
07-03-2021 18:15,83.83,183.73,28.49
07-03-2021 18:30,83.83,183.73,28.49
07-03-2021 18:45,83.83,194.97,28.53
07-03-2021 19:00,88.97,196.87,28.53
07-03-2021 19:15,89.34,196.87,28.52
07-03-2021 19:30,89.34,196.87,28.48
07-03-2021 19:45,89.34,214.93,28.47
07-03-2021 20:00,87.04,217.98,28.47
07-03-2021 20:15,86.87,217.98,28.47
07-03-2021 20:30,86.87,217.98,28.49
07-03-2021 20:45,86.87,231.52,28.48
07-03-2021 21:00,92.77,233.8,28.49
07-03-2021 21:15,93.24,233.8,28.51
07-03-2021 21:30,93.24,233.8,28.5
07-03-2021 21:45,93.24,242.73,28.5
07-03-2021 22:00,96.73,244.24,28.49
07-03-2021 22:15,96.98,244.24,28.48
07-03-2021 22:30,96.98,244.24,28.52
07-03-2021 22:45,96.98,226.21,28.55
07-03-2021 23:00,83.62,223.16,28.52
07-03-2021 23:15,82.66,223.16,28.5
07-03-2021 23:30,82.66,223.16,28.5
07-03-2021 23:45,82.66,183.56,28.44
08-03-2021 00:00,None,None,None
08-03-2021 00:15,76.69,176.88,28.51
08-03-2021 00:30,76.69,176.88,28.51
08-03-2021 00:45,76.69,189.47,28.5
08-03-2021 01:00,79.09,191.6,28.49
08-03-2021 01:15,79.26,191.6,28.5
08-03-2021 01:30,79.26,191.6,28.48
08-03-2021 01:45,79.26,213.56,28.45
08-03-2021 02:00,76.81,217.27,28.49
08-03-2021 02:15,76.63,217.27,28.49
08-03-2021 02:30,76.63,217.27,28.51
08-03-2021 02:45,76.63,200.95,28.5
08-03-2021 03:00,71.74,198.2,28.5
08-03-2021 03:15,71.39,198.2,28.5
08-03-2021 03:30,71.39,198.2,28.49
08-03-2021 03:45,71.39,205.59,28.46
08-03-2021 04:00,65.94,206.84,28.46
08-03-2021 04:15,65.55,206.84,28.48
08-03-2021 04:30,65.55,206.84,28.45
08-03-2021 04:45,65.55,193.25,28.45
08-03-2021 05:00,63.2,190.95,28.48
08-03-2021 05:15,63.04,190.95,28.43
08-03-2021 05:30,63.04,190.95,28.48
08-03-2021 05:45,63.04,184.1,28.49
08-03-2021 06:00,64.76,182.94,28.49
08-03-2021 06:15,64.88,182.94,28.48
08-03-2021 06:30,64.88,182.94,28.47
08-03-2021 06:45,64.88,201.89,28.51
08-03-2021 07:00,71.55,205.09,28.5
08-03-2021 07:15,72.02,205.09,28.5
08-03-2021 07:30,72.02,205.09,28.46
08-03-2021 07:45,72.02,228.86,28.46
08-03-2021 08:00,71.64,232.87,28.46
08-03-2021 08:15,71.61,232.87,28.47
08-03-2021 08:30,71.61,232.87,28.45
08-03-2021 08:45,71.61,242.86,28.49
08-03-2021 09:00,74.35,244.55,28.51
08-03-2021 09:15,74.55,244.55,28.5
08-03-2021 09:30,74.55,244.55,28.51
08-03-2021 09:45,74.55,254.7,28.47
08-03-2021 10:00,77.88,256.41,28.5
08-03-2021 10:15,78.12,256.41,28.5
08-03-2021 10:30,78.12,256.41,28.49
08-03-2021 10:45,78.12,292.86,28.54
08-03-2021 11:00,97.24,299.01,28.54
08-03-2021 11:15,98.61,299.01,28.51
08-03-2021 11:30,98.61,299.01,28.49
08-03-2021 11:45,98.61,288.17,28.47
08-03-2021 12:00,119.83,286.34,28.44
08-03-2021 12:15,121.34,286.34,28.49
08-03-2021 12:30,None,None,28.49
08-03-2021 12:45,None,None,28.49
08-03-2021 13:00,None,None,28.49
08-03-2021 13:15,None,None,28.47
08-03-2021 13:30,None,None,28.45
08-03-2021 13:45,None,None,28.48
08-03-2021 14:00,None,None,None
08-03-2021 14:15,170.57,320.73,28.51
08-03-2021 14:30,170.57,320.73,28.49
08-03-2021 14:45,170.11,319.63,28.48
08-03-2021 15:00,156.82,300.88,28.48
08-03-2021 15:15,156.82,300.88,28.51
08-03-2021 15:30,156.82,300.88,28.47
08-03-2021 15:45,156.26,297.88,28.46
08-03-2021 16:00,139.95,246.9,28.46
08-03-2021 16:15,139.95,246.9,28.47
08-03-2021 16:30,139.95,246.9,28.48
08-03-2021 16:45,139.37,245.51,28.46
08-03-2021 17:00,122.56,221.96,28.46
08-03-2021 17:15,122.56,221.96,28.47
08-03-2021 17:30,122.56,221.96,28.47
08-03-2021 17:45,121.62,220.98,28.47
08-03-2021 18:00,94.21,204.3,28.48
08-03-2021 18:15,94.21,204.3,28.5
08-03-2021 18:30,94.21,204.3,28.46
08-03-2021 18:45,94.18,206.23,28.42
08-03-2021 19:00,93.26,239.01,28.44
08-03-2021 19:15,93.26,239.01,28.44
08-03-2021 19:30,93.26,239.01,28.45
08-03-2021 19:45,93.71,240.17,28.44
08-03-2021 20:00,106.75,259.84,28.48
08-03-2021 20:15,106.75,259.84,28.46
08-03-2021 20:30,106.75,259.84,28.46
08-03-2021 20:45,106.5,258.09,28.49
08-03-2021 21:00,99.37,228.35,28.46
08-03-2021 21:15,99.37,228.35,28.48
08-03-2021 21:30,99.37,228.35,28.48
08-03-2021 21:45,99.48,227.74,28.49
08-03-2021 22:00,102.87,217.46,28.51
08-03-2021 22:15,102.87,217.46,28.52
08-03-2021 22:30,102.87,217.46,28.48
08-03-2021 22:45,102.32,214.75,28.46
08-03-2021 23:00,86.4,168.63,28.45
08-03-2021 23:15,86.4,168.63,28.43
08-03-2021 23:30,86.4,168.63,28.44
08-03-2021 23:45,86.27,169.19,28.49
09-03-2021 00:00,None,None,None
09-03-2021 00:15,82.72,178.76,28.49
09-03-2021 00:30,82.72,178.76,28.51
09-03-2021 00:45,82.27,174.81,28.48
09-03-2021 01:00,69.04,107.6,28.43
09-03-2021 01:15,69.04,107.6,28.44
09-03-2021 01:30,69.04,107.6,28.45
09-03-2021 01:45,68.86,107.71,28.49
09-03-2021 02:00,63.64,109.55,28.48
09-03-2021 02:15,63.64,109.55,28.44
09-03-2021 02:30,63.64,109.55,28.42
09-03-2021 02:45,63.31,108.58,28.43
09-03-2021 03:00,53.67,92.11,28.44
09-03-2021 03:15,53.67,92.11,28.46
09-03-2021 03:30,53.67,92.11,28.46
09-03-2021 03:45,54,94.06,28.46
09-03-2021 04:00,63.59,127.2,28.47
09-03-2021 04:15,63.59,127.2,28.51
09-03-2021 04:30,63.59,127.2,28.51
09-03-2021 04:45,63.66,127.74,28.47
09-03-2021 05:00,65.68,136.95,28.44
09-03-2021 05:15,65.68,136.95,28.45
09-03-2021 05:30,65.68,136.95,28.47
09-03-2021 05:45,65.64,135.06,28.46
09-03-2021 06:00,64.44,102.91,28.51
09-03-2021 06:15,64.44,102.91,28.49
09-03-2021 06:30,64.44,102.91,28.47
09-03-2021 06:45,64.45,103.16,28.47
09-03-2021 07:00,64.81,107.45,28.42
09-03-2021 07:15,64.81,107.45,28.45
09-03-2021 07:30,64.81,107.45,28.48
09-03-2021 07:45,65.09,110.64,28.51
09-03-2021 08:00,73.34,164.85,28.5
09-03-2021 08:15,73.34,164.85,28.51
09-03-2021 08:30,73.34,164.85,28.52
09-03-2021 08:45,73.54,164.62,28.48
09-03-2021 09:00,79.26,160.76,28.46
09-03-2021 09:15,79.26,160.76,28.44
09-03-2021 09:30,79.26,160.76,28.45
09-03-2021 09:45,79.56,164.06,28.49
09-03-2021 10:00,88.42,220.18,28.47
09-03-2021 10:15,88.42,220.18,28.49
09-03-2021 10:30,88.42,220.18,28.51
09-03-2021 10:45,89.01,222.74,28.51
09-03-2021 11:00,106.03,266.33,28.51
09-03-2021 11:15,106.03,266.33,28.49
09-03-2021 11:30,106.03,266.33,28.48
09-03-2021 11:45,107.16,266.99,28.48
09-03-2021 12:00,139.76,278.23,28.47
09-03-2021 12:15,139.76,278.23,28.46
09-03-2021 12:30,139.76,278.23,28.5
09-03-2021 12:45,139.76,279.24,28.46
09-03-2021 13:00,166.73,296.39,28.47
09-03-2021 13:15,166.73,296.39,28.49
09-03-2021 13:30,166.73,296.39,28.52
09-03-2021 13:45,166.99,296.3,28.44
09-03-2021 14:00,174.43,294.82,28.44
09-03-2021 14:15,174.43,294.82,28.48
09-03-2021 14:30,174.43,294.82,28.48
09-03-2021 14:45,174.5,293.42,28.51
09-03-2021 15:00,176.79,269.55,28.5
09-03-2021 15:15,176.79,269.55,28.43
09-03-2021 15:30,176.79,269.55,28.4
09-03-2021 15:45,176.25,267.72,28.4
09-03-2021 16:00,160.76,236.63,28.47
09-03-2021 16:15,160.76,236.63,28.47
09-03-2021 16:30,160.76,236.63,28.49
09-03-2021 16:45,160.48,236.33,28.49
09-03-2021 17:00,152.34,231.29,28.51
09-03-2021 17:15,152.34,231.29,28.49
09-03-2021 17:30,152.34,231.29,28.48
09-03-2021 17:45,152.12,231.75,28.52
09-03-2021 18:00,145.75,239.52,28.5
09-03-2021 18:15,145.75,239.52,28.49
09-03-2021 18:30,145.75,239.52,28.5
09-03-2021 18:45,145.48,238.83,28.47
09-03-2021 19:00,139.82,227.11,28.47
09-03-2021 19:15,139.82,227.11,28.48
09-03-2021 19:30,139.82,227.11,28.48
09-03-2021 19:45,139.59,225.63,28.49
09-03-2021 20:00,133.12,200.4,28.45
09-03-2021 20:15,133.12,200.4,28.45
09-03-2021 20:30,133.12,200.4,28.48
09-03-2021 20:45,132.98,201.89,28.44
09-03-2021 21:00,128.84,227.18,28.49
09-03-2021 21:15,128.84,227.18,28.5
09-03-2021 21:30,128.84,227.18,28.5
09-03-2021 21:45,128.71,225.79,28.49
09-03-2021 22:00,124.98,202.17,28.46
09-03-2021 22:15,124.98,202.17,28.44
09-03-2021 22:30,124.98,202.17,28.45
09-03-2021 22:45,124.73,201.98,28.46
09-03-2021 23:00,119.31,198.83,28.47
09-03-2021 23:15,119.31,198.83,28.52
09-03-2021 23:30,119.31,198.83,28.5
09-03-2021 23:45,119.01,198.89,28.47
10-03-2021 00:00,None,None,None
10-03-2021 00:15,110.26,199.97,28.45
10-03-2021 00:30,110.26,199.97,28.46
10-03-2021 00:45,109.71,197.72,28.48
10-03-2021 01:00,97.91,159.44,28.5
10-03-2021 01:15,97.91,159.44,28.45
10-03-2021 01:30,97.91,159.44,28.49
10-03-2021 01:45,97.05,158.33,28.45
10-03-2021 02:00,72.25,139.51,28.44
10-03-2021 02:15,72.25,139.51,28.44
10-03-2021 02:30,72.25,139.51,28.46
10-03-2021 02:45,71.84,137.56,28.45
10-03-2021 03:00,59.91,104.49,28.49
10-03-2021 03:15,59.91,104.49,28.52
10-03-2021 03:30,59.91,104.49,28.49
10-03-2021 03:45,59.8,104.09,28.43
10-03-2021 04:00,56.8,97.23,28.44
10-03-2021 04:15,56.8,97.23,28.45
10-03-2021 04:30,56.8,97.23,28.44
10-03-2021 04:45,56.6,97.04,28.48
10-03-2021 05:00,50.98,93.73,28.48
10-03-2021 05:15,50.98,93.73,28.46
10-03-2021 05:30,50.98,93.73,28.53
10-03-2021 05:45,50.88,93.63,28.52
10-03-2021 06:00,47.81,91.88,28.47
10-03-2021 06:15,47.81,91.88,28.43
10-03-2021 06:30,47.81,91.88,28.42
10-03-2021 06:45,47.92,90.91,28.4
10-03-2021 07:00,51.24,74.45,28.42
10-03-2021 07:15,51.24,74.45,28.46
10-03-2021 07:30,51.24,74.45,28.48
10-03-2021 07:45,51.25,75.59,28.49
10-03-2021 08:00,51.46,95.03,28.48
10-03-2021 08:15,51.46,95.03,28.46
10-03-2021 08:30,51.46,95.03,28.44
10-03-2021 08:45,51.59,100.02,28.45
10-03-2021 09:00,55.4,184.76,28.47
10-03-2021 09:15,55.4,184.76,28.5
10-03-2021 09:30,55.4,184.76,28.46
10-03-2021 09:45,56.45,188.49,28.48
10-03-2021 10:00,87.1,251.86,28.49
10-03-2021 10:15,87.1,251.86,28.43
10-03-2021 10:30,87.1,251.86,28.45
10-03-2021 10:45,87.41,250.72,28.41
10-03-2021 11:00,96.4,231.33,28.44
10-03-2021 11:15,96.4,231.33,28.42
10-03-2021 11:30,96.4,231.33,28.43
10-03-2021 11:45,None,None,28.49
10-03-2021 12:00,None,None,28.52
10-03-2021 12:15,None,None,28.49
10-03-2021 12:30,None,None,28.47
10-03-2021 12:45,None,None,28.48
10-03-2021 13:00,None,None,28.46
10-03-2021 13:15,None,None,28.43
10-03-2021 13:30,159.96,305.43,28.46
10-03-2021 13:45,159.96,305.43,28.45
10-03-2021 14:00,159.96,305.43,28.46
10-03-2021 14:15,159.96,305.43,28.52
10-03-2021 14:30,158.82,302.6,28.47
10-03-2021 14:45,142.75,254.46,28.42
10-03-2021 15:00,142.75,254.46,28.45
10-03-2021 15:15,142.75,254.46,28.43
10-03-2021 15:30,142.06,255.01,28.42
10-03-2021 15:45,132.42,264.36,28.48
10-03-2021 16:00,132.42,264.36,28.48
10-03-2021 16:15,132.42,264.36,28.48
10-03-2021 16:30,132.06,262.85,28.49
10-03-2021 16:45,127.04,237.24,28.45
10-03-2021 17:00,127.04,237.24,28.48
10-03-2021 17:15,127.04,237.24,28.42
10-03-2021 17:30,125.3,239.74,28.43
10-03-2021 17:45,100.9,282.2,28.39
10-03-2021 18:00,100.9,282.2,28.35
10-03-2021 18:15,100.9,282.2,28.33
10-03-2021 18:30,98.66,276.43,28.27
10-03-2021 18:45,67.29,178.42,28.32
10-03-2021 19:00,67.29,178.42,28.39
10-03-2021 19:15,67.29,178.42,28.4
10-03-2021 19:30,66.86,177.75,28.43
10-03-2021 19:45,60.84,166.34,28.44
10-03-2021 20:00,60.84,166.34,28.46
10-03-2021 20:15,60.84,166.34,28.48
10-03-2021 20:30,60.06,166.7,28.46
10-03-2021 20:45,49.17,172.78,28.42
10-03-2021 21:00,49.17,172.78,28.45
10-03-2021 21:15,49.17,172.78,28.45
10-03-2021 21:30,49.78,173.96,28.49
10-03-2021 21:45,58.4,194.04,28.5
10-03-2021 22:00,58.4,194.04,28.46
10-03-2021 22:15,58.4,194.04,28.47
10-03-2021 22:30,58.58,195.17,28.5
10-03-2021 22:45,61.17,214.33,28.49
10-03-2021 23:00,61.17,214.33,28.46
10-03-2021 23:15,61.17,214.33,28.45
10-03-2021 23:30,61.21,212.88,28.47
10-03-2021 23:45,61.75,188.28,28.47
11-03-2021 00:00,None,None,None
11-03-2021 00:15,61.75,188.28,28.48
11-03-2021 00:30,61.5,188.07,28.46
11-03-2021 00:45,57.98,184.52,28.43
11-03-2021 01:00,57.98,184.52,28.43
11-03-2021 01:15,57.98,184.52,28.45
11-03-2021 01:30,58.29,182.95,28.48
11-03-2021 01:45,62.65,156.32,28.45
11-03-2021 02:00,62.65,156.32,28.47
11-03-2021 02:15,62.65,156.32,28.48
11-03-2021 02:30,62.45,158.27,28.46
11-03-2021 02:45,59.65,191.37,28.47
11-03-2021 03:00,59.65,191.37,28.47
11-03-2021 03:15,59.65,191.37,28.44
11-03-2021 03:30,59.85,190.29,28.48
11-03-2021 03:45,62.71,171.91,28.52
11-03-2021 04:00,62.71,171.91,28.46
11-03-2021 04:15,62.71,171.91,28.47
11-03-2021 04:30,62.67,171.82,28.48
11-03-2021 04:45,62.1,170.34,28.47
11-03-2021 05:00,62.1,170.34,28.47
11-03-2021 05:15,62.1,170.34,28.46
11-03-2021 05:30,62.16,170.86,28.47
11-03-2021 05:45,63.09,179.64,28.46
11-03-2021 06:00,63.09,179.64,28.44
11-03-2021 06:15,63.09,179.64,28.5
11-03-2021 06:30,64.09,181.66,28.5
11-03-2021 06:45,78.16,216,28.51
11-03-2021 07:00,78.16,216,28.46
11-03-2021 07:15,78.16,216,28.43
11-03-2021 07:30,78.89,218.56,28.43
11-03-2021 07:45,89.23,262.12,28.46
11-03-2021 08:00,89.23,262.12,28.47
11-03-2021 08:15,89.23,262.12,28.49
11-03-2021 08:30,89.24,262.51,28.49
11-03-2021 08:45,89.41,269.14,28.43
11-03-2021 09:00,89.41,269.14,28.39
11-03-2021 09:15,89.41,269.14,28.38
11-03-2021 09:30,89.19,265.53,28.38
11-03-2021 09:45,86.22,204.09,28.42
11-03-2021 10:00,86.22,204.09,28.43
11-03-2021 10:15,86.22,204.09,28.46
11-03-2021 10:30,86.19,204.45,28.47
11-03-2021 10:45,85.79,210.65,28.44
11-03-2021 11:00,85.79,210.65,28.45
11-03-2021 11:15,85.79,210.65,28.49
11-03-2021 11:30,85.62,208.58,28.51
11-03-2021 11:45,83.2,173.46,28.51
11-03-2021 12:00,83.2,173.46,28.49
11-03-2021 12:15,83.2,173.46,28.44
11-03-2021 12:30,83.36,171.69,28.52
11-03-2021 12:45,85.49,141.68,28.5
11-03-2021 13:00,85.49,141.68,28.52
11-03-2021 13:15,85.49,141.68,28.49
11-03-2021 13:30,86.35,144.47,28.48
11-03-2021 13:45,98.4,191.84,28.46
11-03-2021 14:00,98.4,191.84,28.51
11-03-2021 14:15,98.4,191.84,28.53
11-03-2021 14:30,98.26,191.51,28.5
11-03-2021 14:45,96.29,185.96,28.49
11-03-2021 15:00,96.29,185.96,28.48
11-03-2021 15:15,96.29,185.96,28.47
11-03-2021 15:30,96.32,185.78,28.47
11-03-2021 15:45,96.71,182.77,28.5
11-03-2021 16:00,96.71,182.77,28.49
11-03-2021 16:15,96.71,182.77,28.49
11-03-2021 16:30,95.66,182.58,28.49
11-03-2021 16:45,81.05,179.28,28.52
11-03-2021 17:00,81.05,179.28,28.55
11-03-2021 17:15,81.05,179.28,28.49
11-03-2021 17:30,80.62,179.71,28.49
11-03-2021 17:45,74.68,187.1,28.44
11-03-2021 18:00,74.68,187.1,28.49
11-03-2021 18:15,74.68,187.1,28.5
11-03-2021 18:30,74.3,185.91,28.49
11-03-2021 18:45,68.87,165.69,28.52
11-03-2021 19:00,68.87,165.69,28.5
11-03-2021 19:15,68.87,165.69,28.48
11-03-2021 19:30,68.87,164.52,28.49
11-03-2021 19:45,68.83,144.61,28.49
11-03-2021 20:00,68.83,144.61,28.5
11-03-2021 20:15,68.83,144.61,28.5
11-03-2021 20:30,69.22,147.1,28.48
11-03-2021 20:45,74.72,189.45,28.46
11-03-2021 21:00,74.72,189.45,28.46
11-03-2021 21:15,74.72,189.45,28.49
11-03-2021 21:30,74.6,191.14,28.48
11-03-2021 21:45,72.96,219.79,28.47
11-03-2021 22:00,72.96,219.79,28.44
11-03-2021 22:15,72.96,219.79,28.48
11-03-2021 22:30,71.85,216.34,28.48
11-03-2021 22:45,56.27,157.61,28.5
11-03-2021 23:00,56.27,157.61,28.5
11-03-2021 23:15,56.27,157.61,28.46
11-03-2021 23:30,55.6,156.23,28.47
11-03-2021 23:45,46.28,132.72,28.45
12-03-2021 00:00,None,None,None
12-03-2021 00:15,46.28,132.72,28.45
12-03-2021 00:30,47.22,136.9,28.45
12-03-2021 00:45,60.31,207.87,28.48
12-03-2021 01:00,60.31,207.87,28.5
12-03-2021 01:15,60.31,207.87,28.51
12-03-2021 01:30,60.51,207.72,28.47
12-03-2021 01:45,63.28,205.18,28.48
12-03-2021 02:00,63.28,205.18,28.47
12-03-2021 02:15,63.28,205.18,28.47
12-03-2021 02:30,63.76,205.86,28.46
12-03-2021 02:45,70.44,217.4,28.47
12-03-2021 03:00,70.44,217.4,28.49
12-03-2021 03:15,70.44,217.4,28.45
12-03-2021 03:30,69.99,217.94,28.49
12-03-2021 03:45,63.58,227.18,28.48
12-03-2021 04:00,63.58,227.18,28.47
12-03-2021 04:15,63.58,227.18,28.46
12-03-2021 04:30,63.62,225.46,28.48
12-03-2021 04:45,64.2,196.17,28.46
12-03-2021 05:00,64.2,196.17,28.49
12-03-2021 05:15,64.2,196.17,28.48
12-03-2021 05:30,63.99,195.29,28.48
12-03-2021 05:45,60.99,180.25,28.5
12-03-2021 06:00,60.99,180.25,28.5
12-03-2021 06:15,60.99,180.25,28.49
12-03-2021 06:30,61.3,183.29,28.47
12-03-2021 06:45,65.63,234.99,28.51
12-03-2021 07:00,65.63,234.99,28.5
12-03-2021 07:15,65.63,234.99,28.44
12-03-2021 07:30,66.21,235.13,28.47
12-03-2021 07:45,74.24,237.46,28.47
12-03-2021 08:00,74.24,237.46,28.45
12-03-2021 08:15,74.24,237.46,28.41
12-03-2021 08:30,75.34,239.29,28.46
12-03-2021 08:45,90.67,270.36,28.45
12-03-2021 09:00,90.67,270.36,28.45
12-03-2021 09:15,90.67,270.36,28.44
12-03-2021 09:30,91.74,272.83,28.47
12-03-2021 09:45,106.6,314.9,28.46
12-03-2021 10:00,106.6,314.9,28.44
12-03-2021 10:15,106.6,314.9,28.43
12-03-2021 10:30,106.76,313.88,28.42
12-03-2021 10:45,108.93,296.45,28.47
12-03-2021 11:00,108.93,296.45,28.47
12-03-2021 11:15,108.93,296.45,28.49
12-03-2021 11:30,108.42,291.98,28.5
12-03-2021 11:45,101.15,215.95,28.49
12-03-2021 12:00,101.15,215.95,28.53
12-03-2021 12:15,None,None,28.51
12-03-2021 12:30,None,None,28.46
12-03-2021 12:45,None,None,28.48
12-03-2021 13:00,None,None,None
12-03-2021 13:15,None,None,28.48
12-03-2021 13:30,None,None,28.5
12-03-2021 13:45,None,None,28.5
12-03-2021 14:00,5.39,83.73,28.49
12-03-2021 14:15,86.25,118.99,28.47
12-03-2021 14:30,86.25,118.99,28.48
12-03-2021 14:45,86.25,118.99,28.44
12-03-2021 15:00,86.31,138.22,28.47
12-03-2021 15:15,87.2,150.92,28.45
12-03-2021 15:30,87.2,150.92,28.45
12-03-2021 15:45,87.2,150.92,28.5
12-03-2021 16:00,86.94,158.96,28.54
12-03-2021 16:15,82.55,164.37,28.5
12-03-2021 16:30,82.55,164.37,28.46
12-03-2021 16:45,82.55,164.37,28.45
12-03-2021 17:00,82.14,169.17,28.5
12-03-2021 17:15,76.48,172.09,28.5
12-03-2021 17:30,76.48,172.09,28.48
12-03-2021 17:45,76.48,172.09,28.44
12-03-2021 18:00,76.16,166.27,28.48
12-03-2021 18:15,70.63,162.73,28.51
12-03-2021 18:30,70.63,162.73,28.49
12-03-2021 18:45,70.63,162.73,28.51
12-03-2021 19:00,70.48,185.12,28.48
12-03-2021 19:15,68.07,198.72,28.5
12-03-2021 19:30,68.07,198.72,28.5
12-03-2021 19:45,68.07,198.72,28.46
12-03-2021 20:00,68.35,229.97,28.46
12-03-2021 20:15,73.14,248.94,28.47
12-03-2021 20:30,73.14,248.94,28.56
12-03-2021 20:45,73.14,248.94,28.48
12-03-2021 21:00,73.11,317.04,28.44
12-03-2021 21:15,72.51,358.38,28.43
12-03-2021 21:30,72.51,358.38,28.48
12-03-2021 21:45,72.51,358.38,28.45
12-03-2021 22:00,72,280.12,28.46
12-03-2021 22:15,63.21,232.61,28.5
12-03-2021 22:30,63.21,232.61,28.47
12-03-2021 22:45,63.21,232.61,28.48
12-03-2021 23:00,63.04,197.3,28.48
12-03-2021 23:15,60.17,175.86,28.45
12-03-2021 23:30,60.17,175.86,28.46
12-03-2021 23:45,60.17,175.86,28.47
13-03-2021 00:00,None,None,None
13-03-2021 00:15,51.65,160.72,28.51
13-03-2021 00:30,51.65,160.72,28.48
13-03-2021 00:45,51.65,160.72,28.5
13-03-2021 01:00,51.9,176.24,28.53
13-03-2021 01:15,56.18,185.66,28.48
13-03-2021 01:30,56.18,185.66,28.45
13-03-2021 01:45,56.18,185.66,28.45
13-03-2021 02:00,56.86,203.84,28.47
13-03-2021 02:15,66.42,213.39,28.45
13-03-2021 02:30,66.42,213.39,28.49
13-03-2021 02:45,66.42,213.39,28.53
13-03-2021 03:00,66.74,244.85,28.47
13-03-2021 03:15,72.09,261.38,28.43
13-03-2021 03:30,72.09,261.38,28.46
13-03-2021 03:45,72.09,261.38,28.46
13-03-2021 04:00,72.19,257.28,28.45
13-03-2021 04:15,73.6,255.12,28.49
13-03-2021 04:30,73.6,255.12,28.48
13-03-2021 04:45,73.6,255.12,28.48
13-03-2021 05:00,73.3,252.19,28.46
13-03-2021 05:15,68.23,250.65,28.46
13-03-2021 05:30,68.23,250.65,28.5
13-03-2021 05:45,68.23,250.65,28.52
13-03-2021 06:00,68.53,243.04,28.48
13-03-2021 06:15,72.84,239.04,28.49
13-03-2021 06:30,72.84,239.04,28.46
13-03-2021 06:45,72.84,239.04,28.5
13-03-2021 07:00,73.5,233.56,28.46
13-03-2021 07:15,82.77,230.68,28.46
13-03-2021 07:30,82.77,230.68,28.49
13-03-2021 07:45,82.77,230.68,28.46
13-03-2021 08:00,83.56,250.16,28.47
13-03-2021 08:15,96.95,260.4,28.46
13-03-2021 08:30,96.95,260.4,28.47
13-03-2021 08:45,96.95,260.4,28.48
13-03-2021 09:00,96.68,247.07,28.45
13-03-2021 09:15,92.14,240.07,28.48
13-03-2021 09:30,92.14,240.07,28.52
13-03-2021 09:45,92.14,240.07,28.49
13-03-2021 10:00,92.06,245.45,28.48
13-03-2021 10:15,90.93,248.28,28.48
13-03-2021 10:30,90.93,248.28,28.51
13-03-2021 10:45,90.93,248.28,28.48
13-03-2021 11:00,88.68,229.94,28.5
13-03-2021 11:15,62.47,218.8,28.52
13-03-2021 11:30,62.47,218.8,28.52
13-03-2021 11:45,62.47,218.8,28.48
13-03-2021 12:00,62.03,183.14,28.47
13-03-2021 12:15,54.54,159.36,28.5
13-03-2021 12:30,54.54,159.36,28.47
13-03-2021 12:45,54.54,159.36,28.49
13-03-2021 13:00,54.51,150.77,28.51
13-03-2021 13:15,54.07,145.79,28.47
13-03-2021 13:30,54.07,145.79,28.49
13-03-2021 13:45,54.07,145.79,28.47
13-03-2021 14:00,54.07,119.84,28.47
13-03-2021 14:15,54.05,104.82,28.47
13-03-2021 14:30,54.05,104.82,28.46
13-03-2021 14:45,54.05,104.82,28.47
13-03-2021 15:00,53.5,87.74,28.48
13-03-2021 15:15,44.09,77.85,28.48
13-03-2021 15:30,44.09,77.85,28.47
13-03-2021 15:45,44.09,77.85,28.5
13-03-2021 16:00,44.07,86.44,28.47
13-03-2021 16:15,43.83,91.41,28.4
13-03-2021 16:30,43.83,91.41,28.36
13-03-2021 16:45,43.83,91.41,28.42
13-03-2021 17:00,43.48,73.18,28.47
13-03-2021 17:15,38.61,62.63,28.43
13-03-2021 17:30,38.61,62.63,28.47
13-03-2021 17:45,38.61,62.63,28.42
13-03-2021 18:00,39.04,98.64,28.44
13-03-2021 18:15,46.39,119.48,28.49
13-03-2021 18:30,46.39,119.48,28.5
13-03-2021 18:45,46.39,119.48,28.5
13-03-2021 19:00,46.12,134.69,28.49
13-03-2021 19:15,42.36,143.49,28.48
13-03-2021 19:30,42.36,143.49,28.47
13-03-2021 19:45,42.36,143.49,28.45
13-03-2021 20:00,42.91,163.09,28.47
13-03-2021 20:15,52.33,174.44,28.46
13-03-2021 20:30,52.33,None,28.46
13-03-2021 20:45,52.33,174.44,28.47
13-03-2021 21:00,52.42,162.07,28.49
13-03-2021 21:15,53.74,154.91,28.49
13-03-2021 21:30,53.74,154.91,28.51
13-03-2021 21:45,53.74,154.91,28.55
13-03-2021 22:00,53.78,147.88,28.52
13-03-2021 22:15,54.59,143.81,28.44
13-03-2021 22:30,54.59,143.81,28.45
13-03-2021 22:45,54.59,143.81,28.51
13-03-2021 23:00,54.17,137.59,28.47
13-03-2021 23:15,47,133.99,28.49
13-03-2021 23:30,47,133.99,28.46
13-03-2021 23:45,47,133.99,28.47
14-03-2021 00:00,None,None,None
14-03-2021 00:15,48.76,133.51,28.42
14-03-2021 00:30,48.76,133.51,28.47
14-03-2021 00:45,48.76,133.51,28.48
14-03-2021 01:00,48.47,111.44,28.5
14-03-2021 01:15,44.4,98.66,28.49
14-03-2021 01:30,44.4,98.66,28.51
14-03-2021 01:45,44.4,98.66,28.46
14-03-2021 02:00,45.25,111.1,28.46
14-03-2021 02:15,57.12,117.64,28.46
14-03-2021 02:30,57.12,117.64,28.46
14-03-2021 02:45,57.12,117.64,28.47
14-03-2021 03:00,57.26,143.82,28.49
14-03-2021 03:15,59.25,157.57,28.51
14-03-2021 03:30,59.25,157.57,28.54
14-03-2021 03:45,59.25,157.57,28.55
14-03-2021 04:00,59.69,166.04,28.49
14-03-2021 04:15,65.85,170.49,28.46
14-03-2021 04:30,65.85,170.49,28.49
14-03-2021 04:45,65.85,170.49,28.51
14-03-2021 05:00,65.96,183.73,28.51
14-03-2021 05:15,67.52,190.68,28.51
14-03-2021 05:30,67.52,190.68,28.47
14-03-2021 05:45,67.52,190.68,28.5
14-03-2021 06:00,67.84,194.15,28.48
14-03-2021 06:15,73.25,195.98,28.46
14-03-2021 06:30,73.25,195.98,28.46
14-03-2021 06:45,73.25,195.98,28.45
14-03-2021 07:00,73.47,195.04,28.5
14-03-2021 07:15,76.43,194.54,28.49
14-03-2021 07:30,76.43,194.54,28.5
14-03-2021 07:45,76.43,194.54,28.5
14-03-2021 08:00,76.98,217.35,28.47
14-03-2021 08:15,86.38,229.33,28.48
14-03-2021 08:30,86.38,229.33,28.5
14-03-2021 08:45,86.38,229.33,28.47
14-03-2021 09:00,86.24,241.74,28.49
14-03-2021 09:15,84.24,248.26,28.51
14-03-2021 09:30,84.24,248.26,28.5
14-03-2021 09:45,84.24,248.26,28.5
14-03-2021 10:00,84.11,243.68,28.52
14-03-2021 10:15,81.76,241.27,28.49
14-03-2021 10:30,81.76,241.27,28.51
14-03-2021 10:45,81.76,241.27,28.49
14-03-2021 11:00,83.24,275.57,28.53
14-03-2021 11:15,106.27,293.59,28.49
14-03-2021 11:30,106.27,293.59,28.5
14-03-2021 11:45,106.27,293.59,28.52
14-03-2021 12:00,107.23,245.79,28.51
14-03-2021 12:15,120.65,220.68,28.49
14-03-2021 12:30,120.65,220.68,28.51
14-03-2021 12:45,120.65,220.68,28.51
14-03-2021 13:00,120.22,190.4,28.46
14-03-2021 13:15,112.93,174.49,28.5
14-03-2021 13:30,112.93,174.49,28.48
14-03-2021 13:45,112.93,174.49,28.49
14-03-2021 14:00,113.43,162.24,28.49
14-03-2021 14:15,121.92,155.81,28.49
14-03-2021 14:30,121.92,155.81,28.51
14-03-2021 14:45,121.92,155.81,28.5
14-03-2021 15:00,121.27,132.54,28.43
14-03-2021 15:15,112.16,120.31,28.42
14-03-2021 15:30,112.16,120.31,28.45
14-03-2021 15:45,112.16,120.31,28.48
14-03-2021 16:00,111.59,138.86,28.46
14-03-2021 16:15,103.57,148.6,28.49
14-03-2021 16:30,103.57,148.6,28.56
14-03-2021 16:45,103.57,148.6,28.52
14-03-2021 17:00,102.84,144.8,28.47
14-03-2021 17:15,90.54,142.8,28.46
14-03-2021 17:30,90.54,142.8,28.49
14-03-2021 17:45,90.54,142.8,28.5
14-03-2021 18:00,90.12,170.81,28.5
14-03-2021 18:15,84.2,185.52,28.5
14-03-2021 18:30,84.2,185.52,28.48
14-03-2021 18:45,84.2,185.52,28.49
14-03-2021 19:00,84.15,214.72,28.52
14-03-2021 19:15,83.49,230.06,28.5
14-03-2021 19:30,83.49,230.06,28.5
14-03-2021 19:45,83.49,230.06,28.53
14-03-2021 20:00,83.44,249.54,28.52
14-03-2021 20:15,82.84,259.77,28.48
14-03-2021 20:30,82.84,259.77,28.52
14-03-2021 20:45,82.84,259.77,28.54
14-03-2021 21:00,83.47,304.7,28.51
14-03-2021 21:15,92.28,328.3,28.49
14-03-2021 21:30,92.28,328.3,28.53
14-03-2021 21:45,92.28,328.3,28.52
14-03-2021 22:00,92.99,356.57,28.49
14-03-2021 22:15,105.02,371.42,28.5
14-03-2021 22:30,105.02,371.42,28.5
14-03-2021 22:45,105.02,371.42,28.49
14-03-2021 23:00,104.71,311.12,28.52
14-03-2021 23:15,100.33,279.44,28.46
14-03-2021 23:30,100.33,279.44,28.49
14-03-2021 23:45,100.33,279.44,28.53
15-03-2021 00:00,None,None,None
15-03-2021 00:15,92.17,232.9,28.5
15-03-2021 00:30,92.17,232.9,28.48
15-03-2021 00:45,92.17,232.9,28.48
15-03-2021 01:00,91.51,216.7,28.5
15-03-2021 01:15,82.25,208.19,28.52
15-03-2021 01:30,82.25,208.19,28.48
15-03-2021 01:45,82.25,208.19,28.5
15-03-2021 02:00,82.72,234.31,28.53
15-03-2021 02:15,90.81,248.04,28.51
15-03-2021 02:30,90.81,248.04,28.55
15-03-2021 02:45,90.81,248.04,28.52
15-03-2021 03:00,90.93,228.3,28.5
15-03-2021 03:15,93.03,217.93,28.46
15-03-2021 03:30,93.03,217.93,28.5
15-03-2021 03:45,93.03,217.93,28.51
15-03-2021 04:00,92.98,216.95,28.52
15-03-2021 04:15,92.35,216.44,28.47
15-03-2021 04:30,92.35,216.44,28.51
15-03-2021 04:45,92.35,216.44,28.52
15-03-2021 05:00,92.55,249.47,28.47
15-03-2021 05:15,95.85,266.83,28.49
15-03-2021 05:30,95.85,266.83,28.5
15-03-2021 05:45,95.85,266.83,28.48
15-03-2021 06:00,96.32,267.64,28.51
15-03-2021 06:15,104.34,268.07,28.5
15-03-2021 06:30,104.34,268.07,28.49
15-03-2021 06:45,104.34,268.07,28.47
15-03-2021 07:00,104.93,263.88,28.47
15-03-2021 07:15,113.24,261.68,28.47
15-03-2021 07:30,113.24,261.68,28.45
15-03-2021 07:45,113.24,261.68,28.49
15-03-2021 08:00,115.32,362.52,28.46
15-03-2021 08:15,150.72,415.51,28.45
15-03-2021 08:30,150.72,415.51,28.45
15-03-2021 08:45,150.72,415.51,28.49
15-03-2021 09:00,151.35,408.14,28.51
15-03-2021 09:15,160.12,404.27,28.51
15-03-2021 09:30,160.12,404.27,28.58
15-03-2021 09:45,160.12,404.27,28.55
15-03-2021 10:00,157.93,300.37,28.49
15-03-2021 10:15,127.27,245.78,28.5
15-03-2021 10:30,None,None,28.5
15-03-2021 10:45,None,None,28.47
15-03-2021 11:00,None,None,28.49
15-03-2021 11:15,None,None,28.46
15-03-2021 11:30,None,None,28.5
15-03-2021 11:45,None,None,28.5
15-03-2021 12:00,None,None,28.47
15-03-2021 12:15,86.44,107.82,28.45
15-03-2021 12:30,86.44,107.82,28.51
15-03-2021 12:45,86.44,107.82,28.47
15-03-2021 13:00,85.21,118.54,28.43
15-03-2021 13:15,82.01,144.92,28.45
15-03-2021 13:30,82.01,144.92,28.47
15-03-2021 13:45,82.01,144.92,28.49
15-03-2021 14:00,81.24,146.83,28.48
15-03-2021 14:15,79.24,151.52,28.5
15-03-2021 14:30,79.24,151.52,28.48
15-03-2021 14:45,79.24,151.52,28.48
15-03-2021 15:00,76.41,150.89,28.47
15-03-2021 15:15,69.03,149.34,28.48
15-03-2021 15:30,69.03,149.34,28.52
15-03-2021 15:45,69.03,149.34,28.51
15-03-2021 16:00,68,155.18,28.52
15-03-2021 16:15,65.33,169.54,28.5
15-03-2021 16:30,65.33,169.54,28.5
15-03-2021 16:45,65.33,169.54,28.52
15-03-2021 17:00,63.07,142.9,28.49
15-03-2021 17:15,57.36,99.63,28.48
15-03-2021 17:30,57.36,99.63,28.5
15-03-2021 17:45,57.36,99.63,28.53
15-03-2021 18:00,59.12,107.65,28.5
15-03-2021 18:15,63.97,129.71,28.47
15-03-2021 18:30,63.97,129.71,28.5
15-03-2021 18:45,63.97,129.71,28.5
15-03-2021 19:00,66.58,144.9,28.49
15-03-2021 19:15,73.38,186.69,28.51
15-03-2021 19:30,73.38,186.69,28.51
15-03-2021 19:45,73.38,186.69,28.52
15-03-2021 20:00,75.58,212.85,28.52
15-03-2021 20:15,81.31,284.79,28.49
15-03-2021 20:30,81.31,284.79,28.52
15-03-2021 20:45,81.31,284.79,28.51
15-03-2021 21:00,86.06,297.85,28.52
15-03-2021 21:15,99.13,333.75,28.47
15-03-2021 21:30,99.13,333.75,28.44
15-03-2021 21:45,99.13,333.75,28.5
15-03-2021 22:00,101.34,330.87,28.46
15-03-2021 22:15,107.09,322.94,28.53
15-03-2021 22:30,107.09,322.94,28.53
15-03-2021 22:45,107.09,322.94,28.52
15-03-2021 23:00,106.53,310.49,28.49
15-03-2021 23:15,105.07,276.24,28.49
15-03-2021 23:30,105.07,276.24,28.52
15-03-2021 23:45,105.07,276.24,28.53
16-03-2021 00:00,None,None,None
16-03-2021 00:15,106.39,292.9,28.53
16-03-2021 00:30,106.39,292.9,28.54
16-03-2021 00:45,106.39,292.9,28.55
16-03-2021 01:00,104.2,280.87,28.52
16-03-2021 01:15,98.51,247.79,28.5
16-03-2021 01:30,98.51,247.79,28.51
16-03-2021 01:45,98.51,247.79,28.5
16-03-2021 02:00,95.89,226.38,28.47
16-03-2021 02:15,89.06,181.34,28.46
16-03-2021 02:30,89.06,181.34,28.5
16-03-2021 02:45,89.06,181.34,28.53
16-03-2021 03:00,87.3,179.82,28.51
16-03-2021 03:15,82.71,176.61,28.51
16-03-2021 03:30,82.71,176.61,28.51
16-03-2021 03:45,82.71,176.61,28.47
16-03-2021 04:00,80.38,172.8,28.5
16-03-2021 04:15,74.34,164.79,28.49
16-03-2021 04:30,74.34,164.79,28.5
16-03-2021 04:45,74.34,164.79,28.48
16-03-2021 05:00,73.98,165.49,28.46
16-03-2021 05:15,73.03,166.96,28.45
16-03-2021 05:30,73.03,166.96,28.43
16-03-2021 05:45,73.03,166.96,28.5
16-03-2021 06:00,76.72,181.42,28.54
16-03-2021 06:15,86.32,211.84,28.55
16-03-2021 06:30,86.32,211.84,28.49
16-03-2021 06:45,86.32,211.84,28.5
16-03-2021 07:00,86.95,225.03,28.51
16-03-2021 07:15,88.61,252.78,28.49
16-03-2021 07:30,88.61,252.78,28.47
16-03-2021 07:45,88.61,252.78,28.49
16-03-2021 08:00,95.81,282.82,28.51
16-03-2021 08:15,114.53,346.01,28.52
16-03-2021 08:30,114.53,346.01,28.5
16-03-2021 08:45,114.53,346.01,28.5
16-03-2021 09:00,117.12,337.89,28.48
16-03-2021 09:15,123.87,320.82,28.48
16-03-2021 09:30,123.87,320.82,28.47
16-03-2021 09:45,123.87,320.82,28.49
16-03-2021 10:00,116.89,283.35,28.49
16-03-2021 10:15,98.74,204.53,28.49
16-03-2021 10:30,98.74,204.53,28.49
16-03-2021 10:45,98.74,204.53,28.53
16-03-2021 11:00,96.31,197.88,28.53
16-03-2021 11:15,90,183.88,28.5
16-03-2021 11:30,90,183.88,28.48
16-03-2021 11:45,90,183.88,28.5
16-03-2021 12:00,89.13,180.31,28.51
16-03-2021 12:15,86.88,172.79,28.54
16-03-2021 12:30,86.88,172.79,28.52
16-03-2021 12:45,86.88,172.79,28.55
16-03-2021 13:00,87.21,182.18,28.51
16-03-2021 13:15,88.06,201.94,28.54
16-03-2021 13:30,88.06,201.94,28.52
16-03-2021 13:45,88.06,201.94,28.51
16-03-2021 14:00,89.17,209.5,28.51
16-03-2021 14:15,92.06,225.41,28.5
16-03-2021 14:30,92.06,225.41,28.47
16-03-2021 14:45,92.06,225.41,28.48
16-03-2021 15:00,89.44,223.26,28.48
16-03-2021 15:15,82.62,218.74,28.55
16-03-2021 15:30,82.62,218.74,28.52
16-03-2021 15:45,82.62,218.74,28.48
16-03-2021 16:00,84.29,220.16,28.46
16-03-2021 16:15,88.64,223.16,28.48
16-03-2021 16:30,88.64,223.16,28.49
16-03-2021 16:45,88.64,223.16,28.51
16-03-2021 17:00,84.86,211.77,28.51
16-03-2021 17:15,75.03,187.82,28.52
16-03-2021 17:30,75.03,187.82,28.53
16-03-2021 17:45,75.03,187.82,28.52
16-03-2021 18:00,77.76,200.8,28.51
16-03-2021 18:15,84.87,228.1,28.55
16-03-2021 18:30,84.87,228.1,28.49
16-03-2021 18:45,84.87,228.1,28.53
16-03-2021 19:00,84.98,237.76,28.54
16-03-2021 19:15,85.27,258.09,28.55
16-03-2021 19:30,85.27,258.09,28.49
16-03-2021 19:45,85.27,258.09,28.52
16-03-2021 20:00,85.5,258.6,28.53
16-03-2021 20:15,86.11,259.67,28.5
16-03-2021 20:30,86.11,259.67,28.48
16-03-2021 20:45,86.11,259.67,28.52
16-03-2021 21:00,85.9,268.2,28.5
16-03-2021 21:15,85.36,286.13,28.53
16-03-2021 21:30,85.36,286.13,28.58
16-03-2021 21:45,85.36,286.13,28.53
16-03-2021 22:00,87.84,274.08,28.49
16-03-2021 22:15,94.3,248.74,28.49
16-03-2021 22:30,94.3,248.74,28.47
16-03-2021 22:45,94.3,248.74,28.52
16-03-2021 23:00,93.57,258.48,28.51
16-03-2021 23:15,91.66,278.98,28.48
16-03-2021 23:30,91.66,278.98,28.48
16-03-2021 23:45,91.66,278.98,28.51
17-03-2021 00:00,None,None,None
17-03-2021 00:15,96.91,310.18,28.53
17-03-2021 00:30,96.91,310.18,28.51
17-03-2021 00:45,96.91,310.18,28.49
17-03-2021 01:00,102.46,334.75,28.48
17-03-2021 01:15,116.88,386.43,28.47
17-03-2021 01:30,116.88,386.43,28.52
17-03-2021 01:45,116.88,386.43,28.52
17-03-2021 02:00,126.13,397.51,28.47
17-03-2021 02:15,150.2,420.83,28.53
17-03-2021 02:30,150.2,420.83,28.52
17-03-2021 02:45,150.2,420.83,28.53
17-03-2021 03:00,148.87,402.71,28.48
17-03-2021 03:15,145.42,364.61,28.5
17-03-2021 03:30,145.42,364.61,28.49
17-03-2021 03:45,145.42,364.61,28.52
17-03-2021 04:00,143.6,361.13,28.54
17-03-2021 04:15,138.85,353.82,28.52
17-03-2021 04:30,138.85,353.82,28.5
17-03-2021 04:45,138.85,353.82,28.47
17-03-2021 05:00,138.89,353.57,28.52
17-03-2021 05:15,139.02,353.05,28.5
17-03-2021 05:30,139.02,353.05,28.51
17-03-2021 05:45,139.02,353.05,28.47
17-03-2021 06:00,140.46,376.72,28.54
17-03-2021 06:15,144.2,426.52,28.59
17-03-2021 06:30,144.2,426.52,28.57
17-03-2021 06:45,144.2,426.52,28.51
17-03-2021 07:00,142.42,433.01,28.49
17-03-2021 07:15,137.79,446.67,28.47
17-03-2021 07:30,137.79,446.67,28.48
17-03-2021 07:45,137.79,446.67,28.52
17-03-2021 08:00,141.36,447.93,28.49
17-03-2021 08:15,150.63,450.58,28.54
17-03-2021 08:30,150.63,450.58,28.55
17-03-2021 08:45,150.63,450.58,28.51
17-03-2021 09:00,148.96,435.21,28.5
17-03-2021 09:15,144.59,402.89,28.49
17-03-2021 09:30,144.59,402.89,28.45
17-03-2021 09:45,144.59,402.89,28.52
17-03-2021 10:00,142.53,391.17,28.53
17-03-2021 10:15,137.17,366.52,28.51
17-03-2021 10:30,137.17,366.52,28.51
17-03-2021 10:45,137.17,366.52,28.55
17-03-2021 11:00,132.09,349.89,28.53
17-03-2021 11:15,118.89,314.91,28.51
17-03-2021 11:30,118.89,314.91,28.49
17-03-2021 11:45,118.89,314.91,28.48
17-03-2021 12:00,118.51,309.46,28.48
17-03-2021 12:15,117.54,297.99,28.49
17-03-2021 12:30,117.54,297.99,28.5
17-03-2021 12:45,117.54,297.99,28.52
17-03-2021 13:00,115.34,293.6,28.56
17-03-2021 13:15,109.63,284.36,28.53
17-03-2021 13:30,109.63,284.36,28.52
17-03-2021 13:45,109.63,284.36,28.55
17-03-2021 14:00,108.61,290.94,28.54
17-03-2021 14:15,105.97,304.78,28.51
17-03-2021 14:30,105.97,304.78,28.48
17-03-2021 14:45,105.97,304.78,28.49
17-03-2021 15:00,104.84,296.88,28.49
17-03-2021 15:15,101.9,280.26,28.53
17-03-2021 15:30,101.9,280.26,28.53
17-03-2021 15:45,101.9,280.26,28.54
17-03-2021 16:00,None,None,None
17-03-2021 16:15,None,None,None
17-03-2021 16:30,None,None,None
17-03-2021 16:45,None,None,None
17-03-2021 17:00,None,None,None
17-03-2021 17:15,None,None,None
17-03-2021 17:30,None,None,None
17-03-2021 17:45,None,None,None
17-03-2021 18:00,None,None,None
17-03-2021 18:15,None,None,None
17-03-2021 18:30,None,None,None
17-03-2021 18:45,None,None,None
17-03-2021 19:00,None,None,None
17-03-2021 19:15,None,None,None
17-03-2021 19:30,None,None,None
17-03-2021 19:45,None,None,None
17-03-2021 20:00,None,None,None
17-03-2021 20:15,None,None,None
17-03-2021 20:30,None,None,None
17-03-2021 20:45,None,None,None
17-03-2021 21:00,None,None,None
17-03-2021 21:15,None,None,None
17-03-2021 21:30,None,None,None
17-03-2021 21:45,None,None,None
17-03-2021 22:00,None,None,None
17-03-2021 22:15,None,None,None
17-03-2021 22:30,None,None,None
17-03-2021 22:45,None,None,None
17-03-2021 23:00,None,None,None
17-03-2021 23:15,None,None,None
17-03-2021 23:30,None,None,None
17-03-2021 23:45,None,None,None
18-03-2021 00:00,None,None,None
18-03-2021 00:15,None,None,None
18-03-2021 00:30,None,None,None
18-03-2021 00:45,None,None,None
18-03-2021 01:00,None,None,None
18-03-2021 01:15,None,None,None
18-03-2021 01:30,None,None,None
18-03-2021 01:45,None,None,None
18-03-2021 02:00,None,None,None
18-03-2021 02:15,None,None,None
18-03-2021 02:30,None,None,None
18-03-2021 02:45,None,None,None
18-03-2021 03:00,None,None,None
18-03-2021 03:15,None,None,None
18-03-2021 03:30,None,None,None
18-03-2021 03:45,None,None,None
18-03-2021 04:00,None,None,None
18-03-2021 04:15,None,None,None
18-03-2021 04:30,None,None,None
18-03-2021 04:45,None,None,None
18-03-2021 05:00,None,None,None
18-03-2021 05:15,None,None,None
18-03-2021 05:30,None,None,None
18-03-2021 05:45,None,None,None
18-03-2021 06:00,None,None,None
18-03-2021 06:15,None,None,None
18-03-2021 06:30,None,None,None
18-03-2021 06:45,None,None,None
18-03-2021 07:00,None,None,None
18-03-2021 07:15,None,None,None
18-03-2021 07:30,None,None,None
18-03-2021 07:45,None,None,None
18-03-2021 08:00,None,None,None
18-03-2021 08:15,131.8,416.11,28.51
18-03-2021 08:30,131.8,416.11,28.5
18-03-2021 08:45,131.8,416.11,28.51
18-03-2021 09:00,129.57,407.38,28.52
18-03-2021 09:15,123.79,383.36,28.53
18-03-2021 09:30,123.79,383.36,28.49
18-03-2021 09:45,123.79,383.36,28.51
18-03-2021 10:00,123.8,363.28,28.53
18-03-2021 10:15,123.82,308.06,28.5
18-03-2021 10:30,123.82,308.06,28.5
18-03-2021 10:45,123.82,308.06,28.49
18-03-2021 11:00,121.96,305.4,28.54
18-03-2021 11:15,117.11,298.08,28.57
18-03-2021 11:30,None,None,28.5
18-03-2021 11:45,None,None,28.48
18-03-2021 12:00,None,None,28.54
18-03-2021 12:15,None,None,28.5
18-03-2021 12:30,None,None,28.5
18-03-2021 12:45,None,None,28.53
18-03-2021 13:00,None,None,28.54
18-03-2021 13:15,39.06,106.8,28.56
18-03-2021 13:30,112.68,333.75,28.53
18-03-2021 13:45,112.68,333.75,28.54
18-03-2021 14:00,112.68,333.75,28.49
18-03-2021 14:15,112.89,337.61,28.49
18-03-2021 14:30,113.39,348.23,28.52
18-03-2021 14:45,113.39,348.23,28.55
18-03-2021 15:00,113.39,348.23,28.54
18-03-2021 15:15,111.85,342.12,28.51
18-03-2021 15:30,107.85,325.32,28.5
18-03-2021 15:45,107.85,325.32,28.5
18-03-2021 16:00,107.85,325.32,28.52
18-03-2021 16:15,109.17,317.53,28.5
18-03-2021 16:30,112.41,296.11,28.49
18-03-2021 16:45,112.41,296.11,28.5
18-03-2021 17:00,112.41,296.11,28.52
18-03-2021 17:15,112.22,295.27,28.55
18-03-2021 17:30,111.75,292.97,28.55
18-03-2021 17:45,111.75,292.97,28.56
18-03-2021 18:00,111.75,292.97,28.52
18-03-2021 18:15,117.03,325.55,28.48
18-03-2021 18:30,130.01,415.14,28.46
18-03-2021 18:45,130.01,415.14,28.47
18-03-2021 19:00,130.01,415.14,28.49
18-03-2021 19:15,132.07,420.69,28.5
18-03-2021 19:30,137.43,435.96,28.48
18-03-2021 19:45,137.43,435.96,28.53
18-03-2021 20:00,137.43,435.96,28.51
18-03-2021 20:15,139.9,453.94,28.47
18-03-2021 20:30,146,503.38,28.49
18-03-2021 20:45,146,503.38,28.49
18-03-2021 21:00,146,503.38,28.52
18-03-2021 21:15,148.66,506.83,28.53
18-03-2021 21:30,155.19,516.3,28.52
18-03-2021 21:45,155.19,516.3,28.54
18-03-2021 22:00,155.19,516.3,28.52
18-03-2021 22:15,153.88,504.32,28.54
18-03-2021 22:30,150.65,471.36,28.49
18-03-2021 22:45,150.65,471.36,28.48
18-03-2021 23:00,150.65,471.36,28.51
18-03-2021 23:15,149.21,460.25,28.48
18-03-2021 23:30,145.65,429.71,28.49
18-03-2021 23:45,145.65,429.71,28.5
19-03-2021 00:00,None,None,None
19-03-2021 00:15,144.76,419.34,28.53
19-03-2021 00:30,142.58,390.83,28.52
19-03-2021 00:45,142.58,390.83,28.5
19-03-2021 01:00,142.58,390.83,28.52
19-03-2021 01:15,145.39,400.4,28.51
19-03-2021 01:30,152.34,420.53,28.53
19-03-2021 01:45,152.34,420.53,28.52
19-03-2021 02:00,152.34,420.53,28.55
19-03-2021 02:15,146.86,409.36,28.55
19-03-2021 02:30,133.38,385.87,28.54
19-03-2021 02:45,133.38,385.87,28.5
19-03-2021 03:00,133.38,385.87,28.49
19-03-2021 03:15,129.07,375.43,28.53
19-03-2021 03:30,118.45,353.46,28.54
19-03-2021 03:45,118.45,353.46,28.52
19-03-2021 04:00,118.45,353.46,28.51
19-03-2021 04:15,None,None,None
19-03-2021 04:30,115.34,346.53,28.49
19-03-2021 04:45,115.34,346.53,28.49
19-03-2021 05:00,115.34,346.53,28.53
19-03-2021 05:15,113.41,329.33,28.54
19-03-2021 05:30,108.65,293.15,28.49
19-03-2021 05:45,108.65,293.15,28.53
19-03-2021 06:00,108.65,293.15,28.55
19-03-2021 06:15,112.23,316.77,28.49
19-03-2021 06:30,121.02,366.46,28.46
19-03-2021 06:45,121.02,366.46,28.47
19-03-2021 07:00,121.02,366.46,28.5
19-03-2021 07:15,131.44,417.59,28.49
19-03-2021 07:30,156.68,525.13,28.48
19-03-2021 07:45,156.68,525.13,28.52
19-03-2021 08:00,156.68,525.13,28.54
19-03-2021 08:15,200.19,566.46,28.53
19-03-2021 08:30,307.3,653.4,28.54
19-03-2021 08:45,307.3,653.4,28.54
19-03-2021 09:00,307.3,653.4,28.53
19-03-2021 09:15,290.53,660.16,28.5
19-03-2021 09:30,249.25,674.38,28.51
19-03-2021 09:45,249.25,674.38,28.56
19-03-2021 10:00,249.25,674.38,28.52
19-03-2021 10:15,215.96,610.65,28.52
19-03-2021 10:30,134.03,476.61,28.5
19-03-2021 10:45,134.03,476.61,28.49
19-03-2021 11:00,134.03,476.61,28.47
19-03-2021 11:15,121.79,436.58,28.45
19-03-2021 11:30,91.68,352.39,28.48
19-03-2021 11:45,91.68,352.39,28.51
19-03-2021 12:00,91.68,352.39,28.51
19-03-2021 12:15,None,None,None
19-03-2021 12:15,None,None,None
